-- phpMyAdmin SQL Dump
-- version 4.9.7
-- https://www.phpmyadmin.net/
--
-- Host: localhost:3306
-- Generation Time: Oct 31, 2022 at 04:57 AM
-- Server version: 5.7.39-cll-lve
-- PHP Version: 7.3.32

SET SQL_MODE = "NO_AUTO_VALUE_ON_ZERO";
SET AUTOCOMMIT = 0;
START TRANSACTION;
SET time_zone = "+00:00";


/*!40101 SET @OLD_CHARACTER_SET_CLIENT=@@CHARACTER_SET_CLIENT */;
/*!40101 SET @OLD_CHARACTER_SET_RESULTS=@@CHARACTER_SET_RESULTS */;
/*!40101 SET @OLD_COLLATION_CONNECTION=@@COLLATION_CONNECTION */;
/*!40101 SET NAMES utf8mb4 */;

--
-- Database: `jk_database`
--

-- --------------------------------------------------------

--
-- Table structure for table `track_202290_animals`
--

CREATE TABLE `track_202290_animals` (
  `id` int(13) NOT NULL,
  `user_id` int(13) NOT NULL,
  `name` varchar(64) NOT NULL,
  `type` varchar(64) NOT NULL,
  `breed` varchar(64) NOT NULL,
  `description` text NOT NULL,
  `img` varchar(256) NOT NULL,
  `date_create` datetime NOT NULL
) ENGINE=InnoDB DEFAULT CHARSET=latin1;

--
-- Dumping data for table `track_202290_animals`
--

INSERT INTO `track_202290_animals` (`id`, `user_id`, `name`, `type`, `breed`, `description`, `img`, `date_create`) VALUES
(1, 6, 'Aaron', 'dog', 'pitbull', 'Zu pi duzbitat vudaf jafewbi wepfozli peliloz luma ruli go eneboasa mov.', 'https://via.placeholder.com/503x538/A97/fff/?text=Aaron', '2022-07-21 10:50:21'),
(2, 1, 'Rosetta', 'horse', 'unicorn', 'Uvdin cukiw hado sovmozaw soewhu vofjocaka po wezalohe joka no motdobhi vo jimke opwofoj riiwutug co ukiriihi.', 'https://via.placeholder.com/377x370/668/fff/?text=Rosetta', '2021-12-21 01:50:28'),
(3, 8, 'Richard', 'horse', 'black', 'Lomeze soab ve zawba ohgi uruk hofulo to ciz peopfow teke suwob nimhuup.', 'https://via.placeholder.com/402x525/63B/fff/?text=Richard', '2021-11-19 15:26:31'),
(4, 8, 'Polly', 'horse', 'unicorn', 'Vicubgu rukrebac umo ofuha vaabpas gap dobim si gef nitdat pij jal ogdu uvvapgu.', 'https://via.placeholder.com/595x411/4AB/fff/?text=Polly', '2022-04-10 19:43:14'),
(5, 2, 'Jacob', 'cat', 'fat', 'Vuig rukcuh pov hoiwo oc nubut bazzentir zab le gupujur efafe zac.', 'https://via.placeholder.com/440x531/8A3/fff/?text=Jacob', '2021-06-10 08:49:07'),
(6, 8, 'Lucille', 'horse', 'black', 'Te heb vezor fopto vajgekon ol ima eg ufkiz nowetu pojalola cem.', 'https://via.placeholder.com/544x521/65B/fff/?text=Lucille', '2021-01-15 10:03:23'),
(7, 3, 'Claudia', 'dog', 'pitbull', 'Odwu nuse mov tojig ru hu huc mukces ujiicenew si li maso cavivfav nosehla.', 'https://via.placeholder.com/553x376/793/fff/?text=Claudia', '2021-05-24 21:04:28'),
(8, 9, 'Lola', 'dog', 'pug', 'Nu cu gibi vopanesa jo ja og fijhego uc gulip nal tavka ecla kufna jel nafacpa hep.', 'https://via.placeholder.com/441x443/4AA/fff/?text=Lola', '2020-10-30 14:39:41'),
(9, 7, 'Jeanette', 'cat', 'fat', 'Donwu kozazuje sa mo roj kule zepducpa li acirehaha lefeel nanakpez zer.', 'https://via.placeholder.com/471x399/499/fff/?text=Jeanette', '2021-04-22 07:49:40'),
(10, 10, 'Olga', 'dog', 'pitbull', 'Hu inla zo movidvo awobuwpuf gemozob pi tehpe livared uncut go cu fabo azhew uwo.', 'https://via.placeholder.com/430x481/A56/fff/?text=Olga', '2020-06-13 19:02:09'),
(11, 5, 'Mabelle', 'horse', 'unicorn', 'Jarrubat obobu waimu cicno gejupag bezanso cogur wu jivpol di uwodeta ije wetu.', 'https://via.placeholder.com/391x528/B86/fff/?text=Mabelle', '2022-01-14 05:30:47'),
(12, 6, 'Lewis', 'horse', 'unicorn', 'Maf pidujtuv ka wimbog guolfa negok haj wapga jogepaj lose konu ha taztahve te ko huapauni esieko.', 'https://via.placeholder.com/542x531/373/fff/?text=Lewis', '2020-03-08 23:24:06'),
(13, 9, 'Jimmy', 'dog', 'poodle', 'Coluv laru tu saluvot gico hososde bamnil ukefacduk kipjem agacgih oditob anooziuv kitnejrik pup.', 'https://via.placeholder.com/456x489/545/fff/?text=Jimmy', '2021-05-12 17:44:47'),
(14, 9, 'Mollie', 'dog', 'pitbull', 'Guwevaz ebe rifi cet ejires dih leddig fivrehup ba rojibca hurwaj watawon ned mo na kucgu dupdekda kokkuca.', 'https://via.placeholder.com/432x457/987/fff/?text=Mollie', '2022-09-16 04:46:56'),
(15, 4, 'Curtis', 'cat', 'siamese', 'Jilged degawjo vatic rirkov vembag fatjeftu so jo ogairuri repgoip dil beri vun.', 'https://via.placeholder.com/475x538/384/fff/?text=Curtis', '2022-08-16 10:46:39'),
(16, 2, 'Ian', 'dog', 'poodle', 'Divfinvaz tafi ni na ajafotok dule oczeg uloni ovwiwu te kevi ba.', 'https://via.placeholder.com/373x455/3A9/fff/?text=Ian', '2021-06-01 19:31:11'),
(17, 2, 'Violet', 'dog', 'pitbull', 'Etabi onmot mibci bal lofanesiw wice cihvofo hukako biwtej te hesi ic kiw ul certar ziedo sa.', 'https://via.placeholder.com/381x454/896/fff/?text=Violet', '2021-07-13 03:07:30'),
(18, 10, 'Luis', 'horse', 'brown', 'Wadoczi heiha fat je vamcuchug zunga hef gufokim izga kikoga jonecfi kajaw jauri.', 'https://via.placeholder.com/596x430/3BA/fff/?text=Luis', '2022-03-22 21:41:03'),
(19, 7, 'John', 'horse', 'black', 'Uvguc giboftow ji jaecapup gu jov mec vuglehu vuta juzojvup wus aworoge bat johgu taf bic.', 'https://via.placeholder.com/375x363/678/fff/?text=John', '2021-08-16 13:36:53'),
(20, 7, 'Seth', 'cat', 'calico', 'Fovatu ko bu vip mo te isudic opad umototken urpedve lozev pakekren.', 'https://via.placeholder.com/382x397/69A/fff/?text=Seth', '2021-11-21 16:48:33'),
(21, 1, 'Virgie', 'horse', 'brown', 'Belufzu zufgacen redfoofi lu keanzi vatkag ep nauzubas kuh ofeb uwce joeb acrulvel rivor pinwa uvofaaw.', 'https://via.placeholder.com/439x536/585/fff/?text=Virgie', '2020-02-18 05:00:41'),
(22, 7, 'Claudia', 'cat', 'siamese', 'Cizajofa tu habpewi lajja uduza da okfeb pohuc dap uwavis rek ni maunooj rovod.', 'https://via.placeholder.com/518x525/39A/fff/?text=Claudia', '2021-02-03 00:58:52'),
(23, 9, 'Myra', 'cat', 'ginger', 'Sikaala da viv la jib utawi ta gaapca de biakizoz wocsolje divupa buzsurom adeco beoh wiz kalaza saec.', 'https://via.placeholder.com/567x554/333/fff/?text=Myra', '2022-04-13 18:25:07'),
(24, 6, 'Susie', 'horse', 'unicorn', 'Ojajejize gulzuade duwdo cehiut kog pugeog tedgo mic noz ev naejcif nez muphako zukpoh irjellu umki utumif.', 'https://via.placeholder.com/392x511/457/fff/?text=Susie', '2022-04-10 07:16:40'),
(25, 8, 'Jeff', 'horse', 'unicorn', 'Ucmutdec riwudtaj hici faesitus irjosez ca tupralka minaweja sumakil pu utobaz hegpel buoji dogig jadgezaj umesozdiv kif.', 'https://via.placeholder.com/548x394/493/fff/?text=Jeff', '2020-07-05 15:22:37'),
(26, 4, 'Franklin', 'horse', 'unicorn', 'Sozewwep lavubnug div ufahev hikense doffo howabpo maok lena ziwos nedriin ibo lu zo olope.', 'https://via.placeholder.com/369x427/8B9/fff/?text=Franklin', '2021-10-02 13:26:33'),
(27, 8, 'Callie', 'horse', 'unicorn', 'Kaelwir si catsicto ikhizhim avusicude muapo aki vozede hurnun gaezga milun ziwifiv tifozaf fu evzur.', 'https://via.placeholder.com/508x426/4AA/fff/?text=Callie', '2022-08-05 05:08:06'),
(28, 2, 'Samuel', 'cat', 'calico', 'Vegfajoz mo ho wivamih bikiumu cira guihtu wazbotij sif gezeri apavo ciiwho mop go.', 'https://via.placeholder.com/596x529/549/fff/?text=Samuel', '2022-08-05 04:33:27'),
(29, 4, 'Jeffrey', 'dog', 'pitbull', 'Ezmu binadjo mibsi cepu pohog pih bisislu ilimiz tiwju unipor hatow hupra miala lonsomnil ducovno ezri iki pepmik.', 'https://via.placeholder.com/423x466/A45/fff/?text=Jeffrey', '2020-09-14 12:55:47'),
(30, 9, 'Douglas', 'horse', 'brown', 'Vubwo ejihov dizdor bejolhab bec lajtipgik rizmamje gagizlef kak ilvu cohcuh ovkefik pib.', 'https://via.placeholder.com/537x598/47A/fff/?text=Douglas', '2021-05-23 21:20:25'),
(31, 8, 'Adrian', 'horse', 'brown', 'Zigciwpoj avcul uzi jowunac dad hebih eb wu rum lopebid omi odowa awewonid la li ate.', 'https://via.placeholder.com/525x466/756/fff/?text=Adrian', '2022-09-15 09:42:23'),
(32, 5, 'Helena', 'horse', 'black', 'Buwgi eniitaji ituzoos ar pawo ko suppi erobe waifalir og gig we tuako lab wi apegi ejotaju kitu.', 'https://via.placeholder.com/452x546/988/fff/?text=Helena', '2020-03-29 14:01:53'),
(33, 5, 'Millie', 'dog', 'poodle', 'Icsoz ahi vevkeica mas veeri pokalfo dopdad ari pibto woseci vouse reweb agazcu gec bampuidu dewwauw fucgow.', 'https://via.placeholder.com/486x393/B93/fff/?text=Millie', '2022-03-05 07:09:48'),
(34, 6, 'Lily', 'horse', 'black', 'Bi ja ef unaredof rehji neodigu paceka imofa nidgeleh wemiflah kabmujid kocon bazawrag ruko.', 'https://via.placeholder.com/468x378/A93/fff/?text=Lily', '2021-11-24 01:01:16'),
(35, 9, 'Billy', 'horse', 'unicorn', 'Miv lob gat fuvdev hezpuvur tubkukbil uvlel topo mibijel geulami duj bofekwev.', 'https://via.placeholder.com/577x391/B97/fff/?text=Billy', '2021-03-23 05:32:37'),
(36, 10, 'Cornelia', 'horse', 'unicorn', 'Eroesutu dufah eganam udune coek jac ha naz dabapono davsu kawefete tivalej rutguvo repes sugtabo nem.', 'https://via.placeholder.com/374x523/3A6/fff/?text=Cornelia', '2022-05-30 23:43:11'),
(37, 9, 'Alejandro', 'dog', 'pitbull', 'Ci robibzag dowof imu wiselpo tepsog hulot ot jikkutav daj owojla zedzar tob.', 'https://via.placeholder.com/546x371/AAA/fff/?text=Alejandro', '2021-04-14 17:44:28'),
(38, 2, 'Sally', 'dog', 'poodle', 'Ricippup lek hikcursob tir lic puateid ubvo ujekarake zomavdef biragiewo po ramzuasi cadul zunzunmec.', 'https://via.placeholder.com/530x499/938/fff/?text=Sally', '2021-02-24 13:05:07'),
(39, 7, 'Norman', 'cat', 'calico', 'Suve sokzave ere caphajzu bacvi fike li jujef olbi cun espu jemnobko vo podabo ibecze su mec pifmu.', 'https://via.placeholder.com/576x567/393/fff/?text=Norman', '2022-01-09 04:06:54'),
(40, 3, 'Elva', 'horse', 'black', 'Coebi zogagte gobfik di sek okidu cice rari rum nik wam toh zicduskov vic abfago.', 'https://via.placeholder.com/389x455/55B/fff/?text=Elva', '2021-04-24 03:21:47'),
(41, 9, 'Charlie', 'cat', 'ginger', 'Gi avuadeiku pavev ma deset fannus faj nawkoafa nin vetwuvfow uklojom iwu mibo.', 'https://via.placeholder.com/377x454/B67/fff/?text=Charlie', '2021-08-26 02:37:14'),
(42, 8, 'Floyd', 'horse', 'unicorn', 'Lupbinri vafug ohi lepbu hadsof fi luh ipla ujide ri waul ennewrur wivebre kolculi pat jupu.', 'https://via.placeholder.com/362x568/776/fff/?text=Floyd', '2020-06-10 20:34:18'),
(43, 9, 'Hettie', 'cat', 'calico', 'Pa nal gakujeh if esogij cakicna fuvuit nepnacut we ofteze ila lic eb bimjuipa revvos domrumwuh hod.', 'https://via.placeholder.com/584x448/7BA/fff/?text=Hettie', '2021-02-28 01:22:57'),
(44, 7, 'Elsie', 'horse', 'black', 'Vi bavuwe fupawiva orarowlat moiw mogabo johun sud wic ewahag rotdoczu ha har uhacov ov pu puoje.', 'https://via.placeholder.com/382x524/453/fff/?text=Elsie', '2020-11-28 04:34:52'),
(45, 7, 'Addie', 'cat', 'fat', 'Sowuek jeneb kuz zubmohov tal geb faumre gurefri nefe lonar sodufob katje enicoaro zofruzpe wutritden.', 'https://via.placeholder.com/350x500/B75/fff/?text=Addie', '2020-08-11 13:23:24'),
(46, 8, 'Ivan', 'dog', 'pug', 'Jir jaslac luh maksodo mawa sa bojneszo ihkehzo maer gu ekucu isewin pepeltis wopbuj.', 'https://via.placeholder.com/593x434/BB7/fff/?text=Ivan', '2020-05-28 01:29:26'),
(47, 2, 'Katharine', 'horse', 'black', 'Pu soarezuw tuale dup uh wagjudus admi kitikhi iripejiz dagogwi cegisidi okoer fa zocte igasomvos ofriga.', 'https://via.placeholder.com/544x431/7B8/fff/?text=Katharine', '2021-12-16 16:34:54'),
(48, 1, 'Rhoda', 'horse', 'black', 'Si wirec ha colonafi ibiconide buimoza mag wi sujinwu imzejhot soniju cucbifnid jurima zup.', 'https://via.placeholder.com/354x434/644/fff/?text=Rhoda', '2020-09-23 00:04:07'),
(49, 7, 'Howard', 'dog', 'poodle', 'Vuc lijiku voomo weewavoc pucje ivwo diwvov cospe ni vesaje fig me uma bojmiug zah.', 'https://via.placeholder.com/536x591/B8B/fff/?text=Howard', '2020-09-15 19:54:41'),
(50, 3, 'Matilda', 'dog', 'poodle', 'Dibe zujerar epuved lipadapaw okjorini ga sosewipa fud lesuwap isdas wed ima.', 'https://via.placeholder.com/397x545/68A/fff/?text=Matilda', '2022-10-02 00:57:48');

-- --------------------------------------------------------

--
-- Table structure for table `track_202290_locations`
--

CREATE TABLE `track_202290_locations` (
  `id` int(13) NOT NULL,
  `animal_id` int(13) NOT NULL,
  `lat` decimal(8,6) NOT NULL,
  `lng` decimal(10,0) NOT NULL,
  `description` text NOT NULL,
  `photo` varchar(256) NOT NULL,
  `icon` varchar(256) NOT NULL,
  `date_create` datetime NOT NULL
) ENGINE=InnoDB DEFAULT CHARSET=latin1;

--
-- Dumping data for table `track_202290_locations`
--

INSERT INTO `track_202290_locations` (`id`, `animal_id`, `lat`, `lng`, `description`, `photo`, `icon`, `date_create`) VALUES
(1, 46, 37.755850, -122, 'Ewolegiba oceut buf lafoj wer cuk ahcov apdin mobipsas kav sana jorsazo av dofujmi honme zo upcataf havrelon.', 'https://via.placeholder.com/475x396/584/fff/?text=PHOTO', 'https://via.placeholder.com/369x492/AAA/fff/?text=ICON', '2022-03-24 20:08:27'),
(2, 4, 37.776730, -122, 'Se zakli deur enebuta luwatuj nu cuhe apoefkap busi egugirih ari asa ej cag epnuze took mugilme.', 'https://via.placeholder.com/441x422/758/fff/?text=PHOTO', 'https://via.placeholder.com/475x378/B4A/fff/?text=ICON', '2021-07-01 22:07:13'),
(3, 32, 37.787080, -122, 'Zokabro letok ga gevne dakjifdob we ek dorep acuir anuhuje bebu pibub moglep gecnoga roreran viccawus koela.', 'https://via.placeholder.com/506x593/349/fff/?text=PHOTO', 'https://via.placeholder.com/564x589/67B/fff/?text=ICON', '2021-04-10 09:47:02'),
(4, 7, 37.693730, -122, 'Zom puweji otnobon ibro pabro rejkeh uf wula se orva odija fiseddaz tiobaho.', 'https://via.placeholder.com/416x551/353/fff/?text=PHOTO', 'https://via.placeholder.com/470x421/474/fff/?text=ICON', '2021-08-14 06:50:55'),
(5, 11, 37.729870, -122, 'Veoko mac caznuvnor ethilbu nocfiwag jiw we nokpejnu urunukbo bis tigicoaz dil oz detsac bitguvhuc goatiha.', 'https://via.placeholder.com/381x566/593/fff/?text=PHOTO', 'https://via.placeholder.com/598x374/988/fff/?text=ICON', '2021-09-27 11:41:36'),
(6, 5, 37.697290, -122, 'Gibjej ha eslunob motav kogo zocobgu moz ufi til ome mursas lozmelu oh velzi katwori ugki.', 'https://via.placeholder.com/403x410/936/fff/?text=PHOTO', 'https://via.placeholder.com/353x408/64B/fff/?text=ICON', '2020-01-21 19:11:49'),
(7, 21, 37.725000, -122, 'Zoz fut asukija olpucpac dod lis jurah uzzulfa wa zufe boduf wu foleak se nesopaihi borate.', 'https://via.placeholder.com/547x575/AA3/fff/?text=PHOTO', 'https://via.placeholder.com/361x392/A69/fff/?text=ICON', '2021-03-30 23:40:52'),
(8, 21, 37.717980, -122, 'Biladawo funornej ado lavpuc henwe huzsuhgec kerobuf ofewijib eraidka diflip dus afkidhov hurfa davev.', 'https://via.placeholder.com/550x509/395/fff/?text=PHOTO', 'https://via.placeholder.com/534x395/BBA/fff/?text=ICON', '2022-09-06 05:31:54'),
(9, 26, 37.722130, -122, 'Ada wa de fim zaozcel ovu hafek jencocos das in tat su gambadne.', 'https://via.placeholder.com/470x486/B4B/fff/?text=PHOTO', 'https://via.placeholder.com/564x552/B68/fff/?text=ICON', '2021-03-06 01:28:09'),
(10, 50, 37.788140, -122, 'Gah ho masafnam cifikuj cuhu ge minwa ivsep igaizene okibideg te get.', 'https://via.placeholder.com/485x356/74A/fff/?text=PHOTO', 'https://via.placeholder.com/459x575/686/fff/?text=ICON', '2021-04-10 01:18:03'),
(11, 22, 37.791960, -122, 'Naw je zedmil suona dafoka ijumein wu ramaej tizuzaku jakiftop poh pigdab hual aztilo logmes kog.', 'https://via.placeholder.com/572x402/839/fff/?text=PHOTO', 'https://via.placeholder.com/591x591/773/fff/?text=ICON', '2022-03-10 04:32:24'),
(12, 13, 37.750460, -122, 'Eca fe sej upo janearo dor ju pehif izive keij fidrenbos jo.', 'https://via.placeholder.com/366x367/783/fff/?text=PHOTO', 'https://via.placeholder.com/425x577/B46/fff/?text=ICON', '2022-06-07 09:54:48'),
(13, 17, 37.726600, -122, 'Mihkit vurhe netbotu ho ivaavmon tetsuf wusenod ca kazmokvu awu aji huterad bacra puwceveb wupror kajeprus.', 'https://via.placeholder.com/559x577/54B/fff/?text=PHOTO', 'https://via.placeholder.com/433x434/587/fff/?text=ICON', '2021-03-11 08:04:19'),
(14, 1, 37.778370, -122, 'Azho rapun nihiji lizjadac fetecumu kijgib dositke rib ut nolob gaifuuso kelwi lo vu otzucazu elwujef.', 'https://via.placeholder.com/589x567/A73/fff/?text=PHOTO', 'https://via.placeholder.com/592x356/877/fff/?text=ICON', '2022-02-26 04:56:00'),
(15, 46, 37.707330, -122, 'Osdew fib tizeh fumefu wuvhumo uko sima buikzu vuul ralike ruurake to.', 'https://via.placeholder.com/491x528/A34/fff/?text=PHOTO', 'https://via.placeholder.com/395x572/5A5/fff/?text=ICON', '2020-06-25 19:43:55'),
(16, 50, 37.782220, -122, 'Ive vumonik zo be lienouf lenordep akerkuj sosmo fukad dure mazehtec jelvem vame tocru ceunu lo iserepvo.', 'https://via.placeholder.com/572x458/47B/fff/?text=PHOTO', 'https://via.placeholder.com/444x368/448/fff/?text=ICON', '2020-08-28 20:45:14'),
(17, 28, 37.720900, -122, 'Soc nargom hijcip paba obotegud kedi puapmo fale fave hiruc sinudi fukop.', 'https://via.placeholder.com/474x410/598/fff/?text=PHOTO', 'https://via.placeholder.com/489x360/358/fff/?text=ICON', '2020-09-28 02:46:59'),
(18, 7, 37.742530, -122, 'Ehuwajew ekufu di bosnukfu tahog lawu ron me wi sohfupri gasmeebi hodilce.', 'https://via.placeholder.com/600x507/645/fff/?text=PHOTO', 'https://via.placeholder.com/359x522/394/fff/?text=ICON', '2020-07-17 15:05:16'),
(19, 45, 37.709280, -122, 'Eju zigho moj ilu unpabbi nuce tiogeege evpitu uflifwi zed hirwawdin looru pibgebos wemkamdi cuzku valattej ejba ol.', 'https://via.placeholder.com/511x443/449/fff/?text=PHOTO', 'https://via.placeholder.com/359x587/869/fff/?text=ICON', '2022-02-27 12:06:46'),
(20, 17, 37.673470, -122, 'Wiwetli socno mofte ojzu huv eludo hipihme fa ufutu gumpowpa ucogedig sof muresfih ku ebijo makvascoj fof.', 'https://via.placeholder.com/429x387/5B3/fff/?text=PHOTO', 'https://via.placeholder.com/595x433/654/fff/?text=ICON', '2021-12-30 01:56:31'),
(21, 12, 37.720730, -122, 'Sefbes ida osu ru fot pip zahe rekib otanefu ciztub eco leben ge bo hiwo ko vakelaz guhalora.', 'https://via.placeholder.com/495x409/947/fff/?text=PHOTO', 'https://via.placeholder.com/505x443/A49/fff/?text=ICON', '2022-09-15 01:21:59'),
(22, 40, 37.742030, -122, 'Ro sewes miloruk diefokoj nig mo kif bo dom gaha kuwlegta jufduefu reab nownabi ma.', 'https://via.placeholder.com/391x480/896/fff/?text=PHOTO', 'https://via.placeholder.com/458x483/A98/fff/?text=ICON', '2020-08-09 19:37:28'),
(23, 41, 37.713800, -122, 'Cejuk mis pelub bidker edanvuf gamrizet wibpad mug enakokif kusampa gihjec ri rem kaf ka je mundef botanilef.', 'https://via.placeholder.com/536x382/74A/fff/?text=PHOTO', 'https://via.placeholder.com/551x565/547/fff/?text=ICON', '2020-08-08 04:04:06'),
(24, 2, 37.756560, -122, 'Zahuk hezdiluci muupim canvike ucke ke hifegpa mihen luckew num joar ov.', 'https://via.placeholder.com/401x560/3AB/fff/?text=PHOTO', 'https://via.placeholder.com/360x555/3B6/fff/?text=ICON', '2021-07-21 01:28:01'),
(25, 13, 37.779870, -122, 'Nodpepi upvodu himawi seje ci wiledaf ipidip ewutel puz gorinog ku cenris hicurko hade fiep su asidut.', 'https://via.placeholder.com/559x386/B59/fff/?text=PHOTO', 'https://via.placeholder.com/379x450/A6B/fff/?text=ICON', '2022-02-05 03:33:15'),
(26, 29, 37.774300, -122, 'Utoma pa onuade sapuuv getajwar sapgibu wiukfit ji iblu papow ziisu ozewaoni fa fujkiag gu jolocus rud.', 'https://via.placeholder.com/373x597/4A9/fff/?text=PHOTO', 'https://via.placeholder.com/593x485/A57/fff/?text=ICON', '2022-03-03 17:45:04'),
(27, 33, 37.732470, -122, 'Luvo oz bordavko gac nilofuc ida mushuv pu heelene renob etsil gu.', 'https://via.placeholder.com/551x412/B59/fff/?text=PHOTO', 'https://via.placeholder.com/402x431/8BB/fff/?text=ICON', '2020-04-03 06:17:35'),
(28, 26, 37.774490, -122, 'Wonupmaf hozufave bebo keehuni had sohaj mi lozfeja seag upamiivi mafotge fu aze borofi agawa awe tucmi.', 'https://via.placeholder.com/399x452/A45/fff/?text=PHOTO', 'https://via.placeholder.com/461x594/945/fff/?text=ICON', '2020-05-07 00:08:26'),
(29, 36, 37.713730, -122, 'Ful iz vokusa colage cabuwja azonun oc rid zumopi lelva vi baz zeh lobe mecurow cizih pusin.', 'https://via.placeholder.com/357x387/84A/fff/?text=PHOTO', 'https://via.placeholder.com/440x535/B88/fff/?text=ICON', '2022-10-17 07:22:23'),
(30, 33, 37.689890, -122, 'Aza dofupsa engen cugpemi da fahvop neje mikrez aveg hahoco munif je dom bovlim.', 'https://via.placeholder.com/488x454/454/fff/?text=PHOTO', 'https://via.placeholder.com/458x362/946/fff/?text=ICON', '2022-03-01 03:26:14'),
(31, 17, 37.755310, -122, 'Gih mar muwti casnav lepoloh defaaco zokaaco is wim du rut pe ji efi ke.', 'https://via.placeholder.com/489x534/369/fff/?text=PHOTO', 'https://via.placeholder.com/491x579/649/fff/?text=ICON', '2021-10-13 00:42:29'),
(32, 47, 37.723120, -122, 'Sajrukhi hawa digusi pi kawoha gof zasogim do leraf nopape or eduse nocat vi honcaz.', 'https://via.placeholder.com/584x582/574/fff/?text=PHOTO', 'https://via.placeholder.com/599x372/657/fff/?text=ICON', '2022-05-31 11:32:33'),
(33, 6, 37.707030, -122, 'Raje irnab efoderci ewzul bedlopjuw zattoas fapetpe kawumcu ke bud dihospib nav amdud joklu.', 'https://via.placeholder.com/414x372/9BA/fff/?text=PHOTO', 'https://via.placeholder.com/530x455/635/fff/?text=ICON', '2020-03-03 06:19:06'),
(34, 10, 37.689010, -122, 'Lojcios loof ov uzoutozo cof hurmozo de wibbog cinu fa jana na uli ajfad.', 'https://via.placeholder.com/438x361/87A/fff/?text=PHOTO', 'https://via.placeholder.com/590x497/376/fff/?text=ICON', '2022-02-07 14:05:38'),
(35, 24, 37.733770, -122, 'Hoiz etpew ku useogdiz palaluudu ihwup everitot kujuccej kagu eka gu om molweb zipoda ihewawa wamkevosa.', 'https://via.placeholder.com/448x455/536/fff/?text=PHOTO', 'https://via.placeholder.com/496x529/8A7/fff/?text=ICON', '2020-10-04 19:47:16'),
(36, 29, 37.721230, -122, 'Bulidoh if nasurait dud li bizjivhud mocalka zigeselo rivpehup kom defrip duseckag.', 'https://via.placeholder.com/501x596/9A3/fff/?text=PHOTO', 'https://via.placeholder.com/505x363/3A4/fff/?text=ICON', '2020-03-21 22:21:49'),
(37, 26, 37.674680, -122, 'Fincah hukotsij zeuvdi palada ehmugep gotevuiw tehbumup zogorirev bud ofa kedene pase rogetat.', 'https://via.placeholder.com/408x547/77A/fff/?text=PHOTO', 'https://via.placeholder.com/519x390/B86/fff/?text=ICON', '2021-02-11 03:54:59'),
(38, 33, 37.691340, -122, 'Fanigno poc rigerkec fon bibin kocosah gidehap ov bofwuta ra vur ohsuvab ozuwac enofi.', 'https://via.placeholder.com/421x365/A79/fff/?text=PHOTO', 'https://via.placeholder.com/576x444/A96/fff/?text=ICON', '2020-07-21 22:22:58'),
(39, 12, 37.738220, -122, 'Wow limoit voulo epko naga mu sacbedo gudsur fas feavu bozuctez wetov bagukbul acverila duvej totuzew.', 'https://via.placeholder.com/435x506/A49/fff/?text=PHOTO', 'https://via.placeholder.com/478x600/499/fff/?text=ICON', '2021-02-26 23:13:51'),
(40, 17, 37.784680, -122, 'Di wu wanmo kakot judervor pibomite guf rofezi ijalopke kar wa ralez he arjot pacja wuugopej ug.', 'https://via.placeholder.com/499x381/854/fff/?text=PHOTO', 'https://via.placeholder.com/469x537/B79/fff/?text=ICON', '2021-10-12 02:33:44'),
(41, 39, 37.733680, -122, 'Modsok vuwiclo goettos emo ofmer rosvufak bi dub mek valida fup bepugehob rabe.', 'https://via.placeholder.com/534x566/96A/fff/?text=PHOTO', 'https://via.placeholder.com/540x512/4B7/fff/?text=ICON', '2022-08-29 07:59:51'),
(42, 15, 37.743820, -122, 'Ziltidjuv er to siw ze uh lewbodu gu izpam ega furas efseko ivuloiha daluj cusogbo.', 'https://via.placeholder.com/430x441/AB8/fff/?text=PHOTO', 'https://via.placeholder.com/390x574/54B/fff/?text=ICON', '2020-06-30 18:52:24'),
(43, 43, 37.732150, -122, 'Bu ad zubwi natki lik maresobop cipu lokin hadgiv poszep toh hur kon utihe vazej lajacuf cej.', 'https://via.placeholder.com/572x570/738/fff/?text=PHOTO', 'https://via.placeholder.com/467x481/A5A/fff/?text=ICON', '2021-03-13 09:25:48'),
(44, 9, 37.682370, -122, 'Ecazuka eku oh lodigfo guguutu wo cotneivo evo gajiwu idokuhuk roskew bibut ir edligi tutiku vep.', 'https://via.placeholder.com/455x466/3A9/fff/?text=PHOTO', 'https://via.placeholder.com/482x575/A97/fff/?text=ICON', '2021-06-20 09:47:04'),
(45, 19, 37.739800, -122, 'Wanapluj neam iv hervo erotiplag luuvouve suravsuw fof numewcib isu pomtoh cikca fizfito.', 'https://via.placeholder.com/380x452/335/fff/?text=PHOTO', 'https://via.placeholder.com/445x470/795/fff/?text=ICON', '2020-01-01 09:00:18'),
(46, 12, 37.697040, -122, 'Zi irivib riszubu nuso dajcoufo tizivafa na oh pasi paodzo tip mit honfe girpatram vijos bojlimot.', 'https://via.placeholder.com/432x519/567/fff/?text=PHOTO', 'https://via.placeholder.com/488x426/34B/fff/?text=ICON', '2020-07-17 08:04:03'),
(47, 44, 37.763670, -122, 'Falru edeapko fuwzo liweve ufiwapal tihcaj hebuhuk lonhu ew it haheruti deh uvi ilebib petkenku.', 'https://via.placeholder.com/581x592/84B/fff/?text=PHOTO', 'https://via.placeholder.com/523x425/476/fff/?text=ICON', '2020-12-20 16:08:36'),
(48, 23, 37.768010, -122, 'Fahna cepe hasjosaf lur cit mi pavuc ra acozi enmahufi bicuk facpuvpo dumoli rirri.', 'https://via.placeholder.com/392x507/473/fff/?text=PHOTO', 'https://via.placeholder.com/454x399/366/fff/?text=ICON', '2021-07-26 00:54:23'),
(49, 46, 37.764210, -122, 'Kerwus huf num zobkunzel gulilu lozros onoh sasona ivracmi vocafew vapremer bevnol wel ehu.', 'https://via.placeholder.com/371x531/B3A/fff/?text=PHOTO', 'https://via.placeholder.com/400x547/498/fff/?text=ICON', '2022-07-11 05:41:28'),
(50, 34, 37.704370, -122, 'Zatomiov figfiuge etomow zizi jiza mocebpi wub liefpun zuuce ipono jesgi lep uv isonibum bu ne.', 'https://via.placeholder.com/433x565/97A/fff/?text=PHOTO', 'https://via.placeholder.com/534x475/34A/fff/?text=ICON', '2020-09-29 23:20:25'),
(51, 32, 37.784310, -122, 'Iju mi fu dombufoh kov femagvo wemzer at weneci beaka elieci tigupze owjuj.', 'https://via.placeholder.com/383x427/B95/fff/?text=PHOTO', 'https://via.placeholder.com/450x441/3BA/fff/?text=ICON', '2020-07-18 06:41:42'),
(52, 17, 37.723430, -122, 'Def nagispe milpima me vaevcik abu fa ate kuhuswes ozieba vullugsof fuga epawowu unenup teptusve.', 'https://via.placeholder.com/368x504/56B/fff/?text=PHOTO', 'https://via.placeholder.com/378x441/A7B/fff/?text=ICON', '2022-08-02 10:46:15'),
(53, 50, 37.792500, -122, 'Segfa zugav erige ippe ber ruwuke lanubpid iteveiwe bisusha ujtif bipi bodoc oj lez so wim ulaler mipro.', 'https://via.placeholder.com/446x434/464/fff/?text=PHOTO', 'https://via.placeholder.com/427x416/85A/fff/?text=ICON', '2020-06-04 01:33:37'),
(54, 4, 37.781870, -122, 'Egtime tuzfem tuat pag je oranofi fin vo wewebogo wopefet hemajew karnoc lotpinov.', 'https://via.placeholder.com/590x379/6A9/fff/?text=PHOTO', 'https://via.placeholder.com/403x412/BBA/fff/?text=ICON', '2022-09-19 19:01:56'),
(55, 16, 37.751240, -122, 'Tod abasimos ike hegu wikha torzadifu ca todemtu sefu hi cek cebutit samalopu cufpugso den.', 'https://via.placeholder.com/564x496/B59/fff/?text=PHOTO', 'https://via.placeholder.com/471x364/A78/fff/?text=ICON', '2020-07-25 03:39:52'),
(56, 7, 37.753580, -122, 'Gu if luvama zu ba zompivic ji cobi hu hajacenov biw ihisuwka mogku rihlupa kov zeze.', 'https://via.placeholder.com/381x435/398/fff/?text=PHOTO', 'https://via.placeholder.com/433x351/3BA/fff/?text=ICON', '2022-04-18 21:16:50'),
(57, 23, 37.711200, -122, 'Goropta elpaegi uzo gafo vauw kuji ucgectaz nenu jekmu fobge coan fait sacog lunommu ine dir kutap.', 'https://via.placeholder.com/535x365/585/fff/?text=PHOTO', 'https://via.placeholder.com/551x436/77A/fff/?text=ICON', '2021-03-28 18:21:04'),
(58, 18, 37.792770, -122, 'Ejhudfef awfudfam wilzahe os bupi vunazgi falfekla ziva hovodmuk emko jerahmo nellul gojja tih katha cabez nuv vuos.', 'https://via.placeholder.com/578x589/336/fff/?text=PHOTO', 'https://via.placeholder.com/521x498/888/fff/?text=ICON', '2020-09-19 23:46:41'),
(59, 14, 37.701650, -122, 'Aso mi egufuzdod vim midohpe hifehe vuhucuj pucak zomudun tanuwgi ihgal zuli keci egusap.', 'https://via.placeholder.com/365x513/644/fff/?text=PHOTO', 'https://via.placeholder.com/503x492/A95/fff/?text=ICON', '2020-02-28 06:40:37'),
(60, 28, 37.774720, -122, 'Tudiija kob mepwe cowud tone fubuoza ipatodur pa diza redropen dug lempevo ohbuplal popcor ri ziduba dod sup.', 'https://via.placeholder.com/576x584/65A/fff/?text=PHOTO', 'https://via.placeholder.com/353x366/95A/fff/?text=ICON', '2021-05-21 22:45:20'),
(61, 38, 37.763010, -122, 'Le rodare gahgi oghowu rocforkiv baomdo ciupmu zek ascolka fovjaoci nubagig vananza vaecmor hikzumu zocez pa.', 'https://via.placeholder.com/576x469/758/fff/?text=PHOTO', 'https://via.placeholder.com/408x449/87B/fff/?text=ICON', '2022-02-21 06:41:07'),
(62, 21, 37.724870, -122, 'Izu tolizros uggip unu fobzuwe alaetu vophifzic weeka kuvtel kuzo va muagileg ikoheipu omon wa.', 'https://via.placeholder.com/503x518/775/fff/?text=PHOTO', 'https://via.placeholder.com/531x515/765/fff/?text=ICON', '2022-08-17 00:26:11'),
(63, 25, 37.721870, -122, 'Fa mu ciw domsurmu susehi septot ku fik rojis lufadol boki terasi cidog zuwehvi fagi roletmud.', 'https://via.placeholder.com/493x565/ABB/fff/?text=PHOTO', 'https://via.placeholder.com/593x370/A87/fff/?text=ICON', '2020-02-26 22:54:42'),
(64, 31, 37.685850, -122, 'Eg ruza misa ti ajijirog zecjurwac zadzosu tugdoj ken ficawjeh kosisura acvorew peba po rekuzdo bo.', 'https://via.placeholder.com/473x461/5AA/fff/?text=PHOTO', 'https://via.placeholder.com/351x573/A9A/fff/?text=ICON', '2021-08-30 21:08:13'),
(65, 27, 37.729500, -122, 'Zemjufran uzsi relo sinenru villasiwa caszuf todmabkud pav rutdeot fuvuv aseipele ro vun voz idapwe faziat.', 'https://via.placeholder.com/404x371/353/fff/?text=PHOTO', 'https://via.placeholder.com/453x410/339/fff/?text=ICON', '2022-09-12 16:46:16'),
(66, 16, 37.768030, -122, 'Rare ob dutij pejefti wigale egoupabe uvedu sipepadom kurig nugu voj inilel gu ezhuhcuk nifbim oktekkuz eru teh.', 'https://via.placeholder.com/379x371/997/fff/?text=PHOTO', 'https://via.placeholder.com/569x450/344/fff/?text=ICON', '2020-07-26 14:25:25'),
(67, 29, 37.700860, -122, 'Tifecto wat mulnusa zaug igsuz anidip zuvehpoz hohumop hesniwlo kuftonuj so depupfuh bacu.', 'https://via.placeholder.com/491x530/745/fff/?text=PHOTO', 'https://via.placeholder.com/438x385/A75/fff/?text=ICON', '2021-10-31 19:06:27'),
(68, 15, 37.721730, -122, 'Iw muglowvo ju sag pupidi capvit gepnoril ocice rerade bivwekepu hezac ziurebu.', 'https://via.placeholder.com/412x441/858/fff/?text=PHOTO', 'https://via.placeholder.com/532x496/83B/fff/?text=ICON', '2020-01-02 19:50:59'),
(69, 33, 37.683170, -122, 'Bojica ovavi ruw cobjidu woki erelihmi tijbuze zufoni zibzair ud bekzutzu dezed resviccu gubva.', 'https://via.placeholder.com/498x591/969/fff/?text=PHOTO', 'https://via.placeholder.com/363x448/3B8/fff/?text=ICON', '2020-07-10 06:30:46'),
(70, 9, 37.752690, -122, 'Viw zihsi vame cavew agofo zajemguc si sime firuet loha kigtittij fihakhun we saasilo vejo ube ti.', 'https://via.placeholder.com/427x404/75A/fff/?text=PHOTO', 'https://via.placeholder.com/351x401/434/fff/?text=ICON', '2020-01-31 16:02:54'),
(71, 47, 37.673960, -122, 'Wehihowot fojip kano kanvenoh no lordacbu ozu wohgen fag rir rufago ur cozoag varvigo.', 'https://via.placeholder.com/379x549/55A/fff/?text=PHOTO', 'https://via.placeholder.com/364x538/794/fff/?text=ICON', '2020-12-25 11:17:26'),
(72, 21, 37.735670, -122, 'Fakjih wuru gekemohak gabon ne riosezo ciwlimwip wi kicikehe mufus efhagsa nonzofuc.', 'https://via.placeholder.com/569x446/998/fff/?text=PHOTO', 'https://via.placeholder.com/419x424/493/fff/?text=ICON', '2022-08-12 11:10:40'),
(73, 37, 37.729370, -122, 'Boztu gesejlab su nodmu mukapji ut so pozceb ni li gava epaici.', 'https://via.placeholder.com/443x459/B59/fff/?text=PHOTO', 'https://via.placeholder.com/403x387/B44/fff/?text=ICON', '2020-10-06 11:47:00'),
(74, 6, 37.774180, -122, 'Gojjot raketvuc zapvonojo gujozgel ijibapub kedup hidla vakmuwi woscikra reh us ockata wasozza.', 'https://via.placeholder.com/426x489/B34/fff/?text=PHOTO', 'https://via.placeholder.com/584x429/664/fff/?text=ICON', '2020-09-04 13:37:47'),
(75, 36, 37.681600, -122, 'Nuzezep ho toezhuw jamegez du oreaha zes nojesa ovusidjo wod gomo vahpub kuj jeksovi etoigez hajun fanevu.', 'https://via.placeholder.com/532x464/396/fff/?text=PHOTO', 'https://via.placeholder.com/443x537/497/fff/?text=ICON', '2020-06-09 20:15:37'),
(76, 7, 37.680400, -122, 'Gu zaviz jeg hatkepa me cucnawe lopepcid kutopafi sehrufo wibib kofum sop cihorow nan fow joforol fu vizhoj.', 'https://via.placeholder.com/433x350/469/fff/?text=PHOTO', 'https://via.placeholder.com/486x512/864/fff/?text=ICON', '2022-05-28 15:57:37'),
(77, 13, 37.691250, -122, 'Ewjuhi fuh bokfer gimlad cojo umo patkukcas gi rod bandapowu epaovfiv fu tiziwvob zamkadaz luto gun zipuwujef.', 'https://via.placeholder.com/395x543/733/fff/?text=PHOTO', 'https://via.placeholder.com/585x374/835/fff/?text=ICON', '2022-02-11 05:35:53'),
(78, 44, 37.747170, -122, 'Kogiv mujva erfu ureci pem coki diijo oj rupali lajofri gug na.', 'https://via.placeholder.com/538x361/58B/fff/?text=PHOTO', 'https://via.placeholder.com/541x502/BB7/fff/?text=ICON', '2021-09-01 09:22:37'),
(79, 7, 37.771860, -122, 'Okedku hu zismagpi fe hafre wifomfoz masnus atlubew wusub opifot rupa kacofoj nofic zob capapri.', 'https://via.placeholder.com/366x414/558/fff/?text=PHOTO', 'https://via.placeholder.com/493x365/98A/fff/?text=ICON', '2021-12-14 15:01:09'),
(80, 8, 37.678880, -122, 'Zu udra ti zuce bakad ovowemu cablop wazluam nosa jizjogwu ki guc wusuz ug sosu ko.', 'https://via.placeholder.com/450x370/B65/fff/?text=PHOTO', 'https://via.placeholder.com/413x524/4AB/fff/?text=ICON', '2022-01-30 11:43:19'),
(81, 46, 37.773720, -122, 'Kutu oholu sehmewuf akgatab kitsi tuetitig gas hec govmod muv bar ekulumit bebbac.', 'https://via.placeholder.com/427x450/696/fff/?text=PHOTO', 'https://via.placeholder.com/440x509/886/fff/?text=ICON', '2020-10-30 00:54:35'),
(82, 41, 37.794200, -122, 'Ubaci sopop izo reaculoc temojeko jevu wimker fi goizo jivducku ra ovikzaw kuvuk kelowvu ivewik rebmovlod.', 'https://via.placeholder.com/584x439/879/fff/?text=PHOTO', 'https://via.placeholder.com/490x359/689/fff/?text=ICON', '2022-10-28 07:59:55'),
(83, 42, 37.681910, -122, 'Cemca litculap efuro caguvtuz ehigeze wulfi vivgesram wecseg wiha lutzo inupine vuj tig oronuopo.', 'https://via.placeholder.com/475x574/8A8/fff/?text=PHOTO', 'https://via.placeholder.com/453x388/69B/fff/?text=ICON', '2021-10-12 09:31:42'),
(84, 11, 37.758600, -122, 'Cojfi wevom kamigev zo daso vub ar ut ej ne gehgeh jo tiha namawfo teva fi ij.', 'https://via.placeholder.com/430x584/355/fff/?text=PHOTO', 'https://via.placeholder.com/498x449/8B9/fff/?text=ICON', '2021-03-06 12:22:29'),
(85, 50, 37.708170, -122, 'Wef lallemuh rejoci jonjitac nipusero gamagtet deji ji zumo asefutu gahebuv adfufbe dib be bane.', 'https://via.placeholder.com/374x470/486/fff/?text=PHOTO', 'https://via.placeholder.com/566x579/354/fff/?text=ICON', '2020-05-10 18:22:15'),
(86, 46, 37.777370, -122, 'Hirzi pimuwewo pace po guttowzok funlil raakowo hoga laruk pibkuevo dij zar wekow tuji pecozlof inmopu wusa.', 'https://via.placeholder.com/540x569/896/fff/?text=PHOTO', 'https://via.placeholder.com/411x535/A3B/fff/?text=ICON', '2020-05-03 18:09:05'),
(87, 40, 37.726870, -122, 'Gapogse uwewib pobcih hon lidozo goipebum nebfel lubip etewiwot ekiawu gavjuzsof ziries.', 'https://via.placeholder.com/389x379/359/fff/?text=PHOTO', 'https://via.placeholder.com/527x451/849/fff/?text=ICON', '2022-05-04 09:45:26'),
(88, 32, 37.753200, -122, 'Jamu diknirav ilco ivpasaj linir aviat racilcic ica fogibju orukijvo utiwili zerjejto ceomi no lab dinloib ubo dicediw.', 'https://via.placeholder.com/499x376/5A6/fff/?text=PHOTO', 'https://via.placeholder.com/537x391/5A3/fff/?text=ICON', '2021-12-27 08:42:37'),
(89, 17, 37.721490, -122, 'Na nal lu peceaco gemazi zo innot hosa pihri usi ipi lekefve wemuwu zediru.', 'https://via.placeholder.com/537x519/B79/fff/?text=PHOTO', 'https://via.placeholder.com/472x484/5A5/fff/?text=ICON', '2021-09-17 13:56:55'),
(90, 21, 37.704970, -122, 'Ecjor dubfufu awrukhuk bah lomheb zikjaf se weul nobazo fesa tagefzo fap wuga pafu.', 'https://via.placeholder.com/588x467/959/fff/?text=PHOTO', 'https://via.placeholder.com/372x461/BA9/fff/?text=ICON', '2022-02-10 19:55:13'),
(91, 32, 37.705340, -122, 'Litu favim ka zu ebu ma mulise nozo vu havit umi nuvedes wonla noawu mem roveksi.', 'https://via.placeholder.com/415x526/7BB/fff/?text=PHOTO', 'https://via.placeholder.com/422x385/468/fff/?text=ICON', '2021-01-09 03:05:12'),
(92, 38, 37.734330, -122, 'Girfe rena hineg vohuv so wicgivsod liedanal vu vanvinzil we letkuf benuhaad ifaomge ro jewehkir vifcovuh.', 'https://via.placeholder.com/365x531/4B3/fff/?text=PHOTO', 'https://via.placeholder.com/454x430/574/fff/?text=ICON', '2022-06-25 22:57:55'),
(93, 39, 37.793320, -122, 'Jaibito nofem mekji maf kaefoumo imu pebda lemde duvse wa an dab domfo paw ko ihiakuwev.', 'https://via.placeholder.com/434x416/B47/fff/?text=PHOTO', 'https://via.placeholder.com/456x562/473/fff/?text=ICON', '2021-11-24 13:41:02'),
(94, 23, 37.730740, -122, 'Mo jihrija zurfutan vo zortul co ic wasarulo zajoc kiv cofuf bumpu.', 'https://via.placeholder.com/377x577/8BB/fff/?text=PHOTO', 'https://via.placeholder.com/407x523/7B6/fff/?text=ICON', '2022-10-05 02:34:58'),
(95, 2, 37.794580, -122, 'Hes rub kilega veha zenute vobo rabji umuwe la okonon bi kurkozoh.', 'https://via.placeholder.com/529x492/57A/fff/?text=PHOTO', 'https://via.placeholder.com/573x559/844/fff/?text=ICON', '2021-01-03 14:33:51'),
(96, 38, 37.677420, -122, 'Obvaksiw liremu po kek bu gudcih olulel ruccezi tohno ec azcired vu azehunoh.', 'https://via.placeholder.com/587x355/395/fff/?text=PHOTO', 'https://via.placeholder.com/382x588/B55/fff/?text=ICON', '2020-05-06 07:45:54'),
(97, 47, 37.707210, -122, 'Faiwowok kar ifeisief rojug zodu acdevta cuscutzes hoicepi le polin jimeltop def nukjeil doofo.', 'https://via.placeholder.com/414x563/654/fff/?text=PHOTO', 'https://via.placeholder.com/521x496/844/fff/?text=ICON', '2020-04-12 09:06:40'),
(98, 47, 37.680460, -122, 'Zev zis wu lelmu wujgina uwmi pelkurode tega vewi fiketilir muhhefo ot jehgi ew ruija co ce wuwizde.', 'https://via.placeholder.com/554x551/884/fff/?text=PHOTO', 'https://via.placeholder.com/422x510/655/fff/?text=ICON', '2021-11-02 08:56:50'),
(99, 8, 37.729320, -122, 'Zow ki penom bop zukavo cu ujar gili ruipageh lemsohkug be rulac lug.', 'https://via.placeholder.com/386x572/69A/fff/?text=PHOTO', 'https://via.placeholder.com/515x391/AAB/fff/?text=ICON', '2020-04-11 06:29:01'),
(100, 45, 37.684630, -122, 'Mijhoroc wi ujucisbek ofgirah assep cacduh dewatwo tawfuljuj bi kol be valpe gimfof.', 'https://via.placeholder.com/594x450/6B9/fff/?text=PHOTO', 'https://via.placeholder.com/580x463/536/fff/?text=ICON', '2020-01-16 14:49:23'),
(101, 24, 37.678180, -122, 'Kuet ija jiv fi mekaset ubocac repad itwushul om in fuvfag ohdilpop le.', 'https://via.placeholder.com/470x421/375/fff/?text=PHOTO', 'https://via.placeholder.com/374x429/B58/fff/?text=ICON', '2021-06-30 17:31:33'),
(102, 17, 37.723390, -122, 'Pefni hucov enecal tun ufe din tup ojozu nugan zi najforpim cuz vechow inukuti tedar ged vapur voluvu.', 'https://via.placeholder.com/572x371/696/fff/?text=PHOTO', 'https://via.placeholder.com/544x472/6B6/fff/?text=ICON', '2022-08-08 04:51:40'),
(103, 17, 37.737230, -122, 'Juvednoh bizwufo ci jop wilhoco jo gudfoliz imdusti weto pibug za dala cupelol hejuj nicsavbu.', 'https://via.placeholder.com/561x420/96A/fff/?text=PHOTO', 'https://via.placeholder.com/430x431/689/fff/?text=ICON', '2020-04-28 08:50:33'),
(104, 49, 37.738400, -122, 'Tiv hiphar cuvuhhut cojtan vu gibut uwmaf peuve gi zocicrop re no.', 'https://via.placeholder.com/445x515/98B/fff/?text=PHOTO', 'https://via.placeholder.com/431x574/894/fff/?text=ICON', '2020-02-25 02:30:25'),
(105, 21, 37.702080, -122, 'Zorlo faj zogdel tagidzu jew deulu es ke ejidot ekmebi ruiku enzozobu cak pehuvvid kobfo zossulzab.', 'https://via.placeholder.com/444x591/543/fff/?text=PHOTO', 'https://via.placeholder.com/545x524/766/fff/?text=ICON', '2021-04-21 03:10:38'),
(106, 7, 37.748120, -122, 'Zop cebfizifu ojofe ive wu nizosbot ov vu pijomwu vevenaz pamoma luf mu zat hane ki ozjetop cotit.', 'https://via.placeholder.com/414x407/4B4/fff/?text=PHOTO', 'https://via.placeholder.com/576x389/B34/fff/?text=ICON', '2020-11-25 21:23:54'),
(107, 16, 37.673050, -122, 'Gipminzel gavsu tif uj waloaka oje engin ogeod hara bu toteij fo diflomon zab aga suh duehijez ito.', 'https://via.placeholder.com/459x545/4B3/fff/?text=PHOTO', 'https://via.placeholder.com/386x564/9A7/fff/?text=ICON', '2020-02-02 13:09:34'),
(108, 12, 37.746690, -122, 'Lolelji se temmu poftu mi iruabu kunkiclo hevom sucuj ce no pu wirje log ca penup.', 'https://via.placeholder.com/520x393/A77/fff/?text=PHOTO', 'https://via.placeholder.com/447x600/575/fff/?text=ICON', '2021-07-23 21:47:49'),
(109, 45, 37.696640, -122, 'Dovbeugo ostag fonsifow hajhabvis mi buh menuk suse ufajiva if fo opcarhe now jam wu leehevu jus.', 'https://via.placeholder.com/543x556/589/fff/?text=PHOTO', 'https://via.placeholder.com/423x587/93A/fff/?text=ICON', '2021-04-10 07:26:22'),
(110, 50, 37.712380, -122, 'Jo uticu miavo vobubu jojgi se fakolvi ciwo ulbicije gi couwoogu nutu ji so.', 'https://via.placeholder.com/489x360/AAA/fff/?text=PHOTO', 'https://via.placeholder.com/444x449/833/fff/?text=ICON', '2020-04-23 23:49:31'),
(111, 42, 37.770110, -122, 'Wefviwkec tihokow cog iw odu pif ap bogrenodi ruzvobu banfugim feac esegocos.', 'https://via.placeholder.com/422x572/575/fff/?text=PHOTO', 'https://via.placeholder.com/445x492/356/fff/?text=ICON', '2021-02-05 01:44:06'),
(112, 9, 37.793530, -122, 'Tiewgog atekuppu nuuh tuwedru zudocan cam cag ro fode ki adeser nidu fewi ohefuni.', 'https://via.placeholder.com/405x413/86B/fff/?text=PHOTO', 'https://via.placeholder.com/448x446/969/fff/?text=ICON', '2020-10-09 20:01:32'),
(113, 35, 37.773360, -122, 'Uz wi iwufagpog wifale dave med saftuzi ifewa bok higejuir usco ebsofah joh namakom nuszoodi.', 'https://via.placeholder.com/374x471/B97/fff/?text=PHOTO', 'https://via.placeholder.com/474x444/9B9/fff/?text=ICON', '2020-09-19 01:33:38'),
(114, 16, 37.689890, -122, 'Rudebha izkugi dogoki apofi mat habis eshatur neimokik iwitate za cu oho run gifme rik ci raelemig kit.', 'https://via.placeholder.com/526x471/4A5/fff/?text=PHOTO', 'https://via.placeholder.com/350x365/384/fff/?text=ICON', '2020-02-14 22:23:04'),
(115, 35, 37.775330, -122, 'Vudsed ijofim no tijinmeb kij ja teavi ik loturno vel rop uvugho bacmogel gek fepvegmu musege.', 'https://via.placeholder.com/411x580/334/fff/?text=PHOTO', 'https://via.placeholder.com/552x577/A75/fff/?text=ICON', '2022-05-06 15:25:05'),
(116, 31, 37.763010, -122, 'Timoveb janip warera cez pa upiwete afrazev jofahon pecitbi duzivub ked ipnepdu gup zira.', 'https://via.placeholder.com/529x478/677/fff/?text=PHOTO', 'https://via.placeholder.com/590x537/689/fff/?text=ICON', '2022-06-19 12:05:31'),
(117, 31, 37.782970, -122, 'Unomitom hiri habwovbi guk fubo vopohod guhu moomi dukizsi hocno zapebu seuw tiwupeh cazfancu jalinod sugpo.', 'https://via.placeholder.com/596x468/A39/fff/?text=PHOTO', 'https://via.placeholder.com/588x467/B63/fff/?text=ICON', '2021-08-06 02:58:10'),
(118, 26, 37.788780, -122, 'Lajowoze efias wefih ok mag ke meeddav zina urelaw mi va loji lori lo jurif wumveven ocanehod.', 'https://via.placeholder.com/385x540/A99/fff/?text=PHOTO', 'https://via.placeholder.com/568x422/65A/fff/?text=ICON', '2020-03-18 01:15:54'),
(119, 10, 37.775280, -122, 'Wup dodog netad nan mifzuvdih miareti kizva fesuc issaube ogjo biwmib sokemga becreziw fodosiwo.', 'https://via.placeholder.com/466x410/B56/fff/?text=PHOTO', 'https://via.placeholder.com/513x484/87A/fff/?text=ICON', '2021-05-08 08:55:24'),
(120, 22, 37.787880, -122, 'Wabulru ujoraihe rolil gocmej lozeip vegnapewa wag von fed ota toculul jerimi uccasam otrel ewabewhu sec mi waja.', 'https://via.placeholder.com/554x483/7AA/fff/?text=PHOTO', 'https://via.placeholder.com/383x388/638/fff/?text=ICON', '2020-07-18 03:04:47'),
(121, 32, 37.683120, -122, 'Hafpevnic sub pe ga gezediegi te ki wofbu mi hijiwaowi hifigif hofinepa mievi ja ola nuum kokput guh.', 'https://via.placeholder.com/359x552/548/fff/?text=PHOTO', 'https://via.placeholder.com/519x481/447/fff/?text=ICON', '2022-08-09 15:44:34'),
(122, 26, 37.697870, -122, 'Hapcoad gelowtaf desud cosohu ewu haojagov no kehewve adetik kotopu ita ju awezogdif iplav.', 'https://via.placeholder.com/539x588/773/fff/?text=PHOTO', 'https://via.placeholder.com/545x350/866/fff/?text=ICON', '2020-04-23 00:57:12'),
(123, 49, 37.708210, -122, 'Ze mogge ipuda ipasisje patcuvpok ogaozosa juku avrodfuc kurfurvi jijma or ki mazra ja bibi sev vobiz.', 'https://via.placeholder.com/386x458/B87/fff/?text=PHOTO', 'https://via.placeholder.com/426x476/978/fff/?text=ICON', '2022-04-19 17:05:29'),
(124, 42, 37.761180, -122, 'Mowepes ratecnav heh sada rero zelbalmur kolab kevlehhem enogakfu ef feg hivo igza rehoptam ohu igosiza caksorha.', 'https://via.placeholder.com/400x533/BBA/fff/?text=PHOTO', 'https://via.placeholder.com/418x423/983/fff/?text=ICON', '2021-08-29 16:47:51'),
(125, 47, 37.704080, -122, 'Ebte cifebi viegebep foca sa wa het jaip rifo cafus lem ketsone mu ozopotim bo iz coresdo.', 'https://via.placeholder.com/436x475/398/fff/?text=PHOTO', 'https://via.placeholder.com/381x375/779/fff/?text=ICON', '2021-04-09 11:53:07'),
(126, 42, 37.777530, -122, 'Ziba kahocapih cor diilfok uhitpu tiszidti ewzizsam gaev joibase ku jofegjo iviih kokinalu virre me nim fihavaj ked.', 'https://via.placeholder.com/541x445/57A/fff/?text=PHOTO', 'https://via.placeholder.com/428x367/879/fff/?text=ICON', '2020-03-31 21:28:51'),
(127, 12, 37.704770, -122, 'Fetzicip ceeko ibe devles olu eveweb ces ivsosohe lava liata sesu om iwe pijena le im.', 'https://via.placeholder.com/405x469/3AB/fff/?text=PHOTO', 'https://via.placeholder.com/417x537/46A/fff/?text=ICON', '2022-05-11 19:39:06'),
(128, 14, 37.725270, -122, 'Peve habagefer aducegimi vac te vepusi tudhucfol owuap ilnucos sug uf lefzari odi roinboz.', 'https://via.placeholder.com/583x579/4A5/fff/?text=PHOTO', 'https://via.placeholder.com/465x499/B37/fff/?text=ICON', '2021-06-21 14:29:17'),
(129, 31, 37.728670, -122, 'Latbasav uhe osha perfojhum bofhu fi tuhbur tuufapes fa mumo hipoplo kumnaj vuvma detzog bo zaf middud.', 'https://via.placeholder.com/391x437/793/fff/?text=PHOTO', 'https://via.placeholder.com/476x459/939/fff/?text=ICON', '2022-03-29 09:03:38'),
(130, 44, 37.693820, -122, 'Gikojic et terumop eno ak id juruv tufi ler mercovvo hese ocuba le gaznucvod afzuv sidolun wiegacod.', 'https://via.placeholder.com/352x386/7A3/fff/?text=PHOTO', 'https://via.placeholder.com/372x448/A75/fff/?text=ICON', '2022-04-21 21:38:33'),
(131, 44, 37.726760, -122, 'Pi eleca ru no omzezo aw lazujji ca keg iga co pudsanfet ti ijgab seco.', 'https://via.placeholder.com/505x398/B63/fff/?text=PHOTO', 'https://via.placeholder.com/436x480/964/fff/?text=ICON', '2021-03-20 18:24:15'),
(132, 40, 37.671170, -122, 'Nirvido tip mu dukgajat vapikat huopiwe ho vewcoh kokimokob va majcem nezcek ripvahda.', 'https://via.placeholder.com/484x487/896/fff/?text=PHOTO', 'https://via.placeholder.com/438x489/764/fff/?text=ICON', '2020-09-03 08:41:48'),
(133, 46, 37.682510, -122, 'Goldo of gaomzi alzava kidoc pu ren vatjeon ucepuoso vakoov defaj uvuojemoh be wewopve bi ibpattis kif.', 'https://via.placeholder.com/574x447/5A8/fff/?text=PHOTO', 'https://via.placeholder.com/488x544/454/fff/?text=ICON', '2022-08-02 00:09:41'),
(134, 18, 37.777170, -122, 'Ze won gerug felubi vumid juzedpe ontevuw cijusula pamosagi ufhajwev zajgog juja zerkuj ajumeneb.', 'https://via.placeholder.com/414x433/489/fff/?text=PHOTO', 'https://via.placeholder.com/362x400/4A7/fff/?text=ICON', '2022-03-27 09:10:04'),
(135, 22, 37.762880, -122, 'Sav ru zivpuzzaj va gazuev idjokzu uvbi gogcaf is jek le ow erukum iccuuhu wem uhdefem gag.', 'https://via.placeholder.com/529x490/596/fff/?text=PHOTO', 'https://via.placeholder.com/593x357/353/fff/?text=ICON', '2021-05-02 21:01:22'),
(136, 45, 37.704290, -122, 'Igicuek li zenono omotut tatsaaci sutjas ireguksew ernudeb huhaviv nutad modzubek feg awamelcu godwurho bajdo jop ul.', 'https://via.placeholder.com/365x576/B65/fff/?text=PHOTO', 'https://via.placeholder.com/513x504/A66/fff/?text=ICON', '2020-02-25 13:24:00'),
(137, 46, 37.786920, -122, 'Butuuf nu icput bipifu letorge lefip sahetuce vin edhawo wu sun urcaepo iheogu ecfikag pibraw pa.', 'https://via.placeholder.com/510x430/685/fff/?text=PHOTO', 'https://via.placeholder.com/506x521/349/fff/?text=ICON', '2022-09-09 12:28:58'),
(138, 9, 37.756260, -122, 'Juc cure da luita la sigopuezu kiknu soj soela zuub za nu ne mot elebotap recuc ju.', 'https://via.placeholder.com/466x395/A79/fff/?text=PHOTO', 'https://via.placeholder.com/399x467/7B7/fff/?text=ICON', '2020-11-17 00:20:12'),
(139, 26, 37.755670, -122, 'Gonrak ape nuhu ivarahze afegudbol bofamul vudwieni newhovja few sohradulo ruhug at mahpalam.', 'https://via.placeholder.com/353x539/736/fff/?text=PHOTO', 'https://via.placeholder.com/377x421/373/fff/?text=ICON', '2022-09-20 21:07:42'),
(140, 1, 37.773770, -122, 'Etlahovi zakzusi loumaoh maki ik dona ocuco jahfiril hukevo cujrafben rakehi cuzaktoh tifu adivu pofispi pima seto.', 'https://via.placeholder.com/562x562/557/fff/?text=PHOTO', 'https://via.placeholder.com/435x354/B6A/fff/?text=ICON', '2020-02-18 08:20:50'),
(141, 43, 37.775530, -122, 'Ipte jocmen napupa fojamko hi usluh mi atugoame wati arbe iphifomo odoluj jupof cu voj lergin tup.', 'https://via.placeholder.com/510x416/569/fff/?text=PHOTO', 'https://via.placeholder.com/396x578/BA3/fff/?text=ICON', '2020-03-20 06:58:55'),
(142, 4, 37.782270, -122, 'Kesozu vopinumi nedi canojah lo kunep su wuediil akizuk tul taos sijbabido og uba ijisug fikejlir fevir.', 'https://via.placeholder.com/420x362/435/fff/?text=PHOTO', 'https://via.placeholder.com/564x413/757/fff/?text=ICON', '2020-06-12 10:00:21'),
(143, 34, 37.715280, -122, 'Umecubpun ziitinep epelgo anazahe sigewow um nej hacum disaj poc vifzo gen hurfifsi evlah.', 'https://via.placeholder.com/597x376/88B/fff/?text=PHOTO', 'https://via.placeholder.com/426x449/976/fff/?text=ICON', '2020-03-01 18:06:13'),
(144, 40, 37.687180, -122, 'Ud hakcaok za tusal dacac finumab idhesme safelril narji wik jerenjew gil udofepun safnodeb un hotine salsa vo.', 'https://via.placeholder.com/593x505/945/fff/?text=PHOTO', 'https://via.placeholder.com/390x386/863/fff/?text=ICON', '2021-06-27 11:16:58'),
(145, 30, 37.711290, -122, 'Mevif fa cerpuwcaz avni mored irujucar me how niso fedozu huh gicu ru le nerhi.', 'https://via.placeholder.com/445x574/B94/fff/?text=PHOTO', 'https://via.placeholder.com/441x553/B34/fff/?text=ICON', '2020-08-27 09:19:45'),
(146, 9, 37.763320, -122, 'Fot sagoco cu tuvonoud ichoti tur sewnato baugocof dipara fac me vudopgu jabekala huhuzuh huvigobu efreb.', 'https://via.placeholder.com/477x552/7A5/fff/?text=PHOTO', 'https://via.placeholder.com/563x541/887/fff/?text=ICON', '2022-02-18 20:34:14'),
(147, 6, 37.735610, -122, 'Su humje wovlejoc icouw hifgever lakor recjopu tirmezlag cag hofodi mesig cera va amowe.', 'https://via.placeholder.com/377x573/537/fff/?text=PHOTO', 'https://via.placeholder.com/372x517/673/fff/?text=ICON', '2021-01-31 08:54:20'),
(148, 48, 37.749170, -122, 'Tup objo soros ika eg etunu soanifen de nuh seknaej gon ton baz ipdugbi ivibaposu.', 'https://via.placeholder.com/381x452/6AA/fff/?text=PHOTO', 'https://via.placeholder.com/541x593/54B/fff/?text=ICON', '2021-01-15 00:03:41'),
(149, 9, 37.786220, -122, 'Turur vif nocjanwuv lu lon ah idamob ogrev coed tafe wuj apasisof ro hasoej secwul medjougi amoge.', 'https://via.placeholder.com/573x541/A3B/fff/?text=PHOTO', 'https://via.placeholder.com/494x476/73A/fff/?text=ICON', '2021-11-17 02:40:25'),
(150, 24, 37.739990, -122, 'Hujebulu felboru heosiavu fah mar keolavew kase ocbe melzaocu odenecja zog zighe goj ihakunu su.', 'https://via.placeholder.com/435x571/93A/fff/?text=PHOTO', 'https://via.placeholder.com/416x518/459/fff/?text=ICON', '2021-01-11 00:08:02'),
(151, 16, 37.670520, -122, 'Akfed pas budzef vu batnoz kor azujavuz dakzejit li cof jiwida lahukuko imacisel zi kah hezori.', 'https://via.placeholder.com/584x371/457/fff/?text=PHOTO', 'https://via.placeholder.com/394x506/698/fff/?text=ICON', '2020-10-16 03:17:08'),
(152, 26, 37.704100, -122, 'Maumidi wo pezivni dopodmiz abeasu ciwvios eb si ugirorzon imi coksam huop.', 'https://via.placeholder.com/441x499/377/fff/?text=PHOTO', 'https://via.placeholder.com/479x394/746/fff/?text=ICON', '2020-02-23 01:02:25'),
(153, 48, 37.690320, -122, 'Cugogiro lilwuvko ico susavfu sajicowu zizokra tem kovki ud vuccusan dilcuga jupam nob.', 'https://via.placeholder.com/584x475/587/fff/?text=PHOTO', 'https://via.placeholder.com/505x378/545/fff/?text=ICON', '2021-02-18 06:33:39'),
(154, 32, 37.764650, -122, 'Sisobel ajba gatah gabjaop beldacka nuwdehag jol lec lourvek jedgacpad cupgowe ukzocu zizova cugvi zod emebohiv jedej.', 'https://via.placeholder.com/429x538/848/fff/?text=PHOTO', 'https://via.placeholder.com/471x474/366/fff/?text=ICON', '2020-12-14 15:25:53'),
(155, 2, 37.798560, -122, 'Kapre uh atren nofzeji puwov unih buiz zo segulasa gekpunaw juem vom.', 'https://via.placeholder.com/432x458/557/fff/?text=PHOTO', 'https://via.placeholder.com/361x426/868/fff/?text=ICON', '2021-01-08 13:59:03'),
(156, 14, 37.791920, -122, 'Suf mulzo epa oriamja ijo vunizi mi guneceke ojukios lo ni rumhoghif.', 'https://via.placeholder.com/503x455/867/fff/?text=PHOTO', 'https://via.placeholder.com/351x431/433/fff/?text=ICON', '2020-08-07 14:32:59'),
(157, 6, 37.773460, -122, 'Fiunira unebov iwu temosoh azlagaf hom un wi edhowu def sosudesi ruwaj gac.', 'https://via.placeholder.com/558x426/B44/fff/?text=PHOTO', 'https://via.placeholder.com/565x543/A5B/fff/?text=ICON', '2020-11-08 19:28:59'),
(158, 49, 37.696070, -122, 'Bo zurucal pa kac wegwiew wuz doj codogfil kiwcun jubceila biros okoga ohleja sulucior zo kecnes keb.', 'https://via.placeholder.com/437x515/A53/fff/?text=PHOTO', 'https://via.placeholder.com/414x407/55B/fff/?text=ICON', '2022-10-03 13:56:05'),
(159, 31, 37.688220, -122, 'Cukapuk cupcazbad kubdaijo nikbobuz foz cij ze zomhig ne arazarli todah va hois kerguh sab.', 'https://via.placeholder.com/565x497/667/fff/?text=PHOTO', 'https://via.placeholder.com/520x543/B5B/fff/?text=ICON', '2021-08-07 07:41:10'),
(160, 31, 37.679580, -122, 'Zom numlicto pehumcic eb buciken pa jajac fi gehev zuvketri uhefi hahkittoh fusku fo.', 'https://via.placeholder.com/381x390/747/fff/?text=PHOTO', 'https://via.placeholder.com/489x525/888/fff/?text=ICON', '2020-08-31 00:17:36'),
(161, 41, 37.769020, -122, 'Ujjobfa onolut dekefu evi unkij pos gon lebognan rodiben si ja keukogag.', 'https://via.placeholder.com/538x418/64A/fff/?text=PHOTO', 'https://via.placeholder.com/461x470/65B/fff/?text=ICON', '2021-04-15 05:12:16'),
(162, 1, 37.696350, -122, 'Digi iro ijaom ri za nupdecar an kaalval dok gim appuveme newanor lanosbe.', 'https://via.placeholder.com/494x515/334/fff/?text=PHOTO', 'https://via.placeholder.com/585x582/549/fff/?text=ICON', '2020-08-14 20:26:02'),
(163, 13, 37.765280, -122, 'Vene od juta hedinge ta ew fu zir gojtu juihi kuhka soluz cecof za.', 'https://via.placeholder.com/520x472/898/fff/?text=PHOTO', 'https://via.placeholder.com/571x386/684/fff/?text=ICON', '2020-04-06 21:33:23'),
(164, 44, 37.795050, -122, 'Wen gouv cesan votu vehzezil ewaaje gekoz ruvufjel wuwsad laebre wipethit lo ibe finzifji gac epita.', 'https://via.placeholder.com/369x550/54A/fff/?text=PHOTO', 'https://via.placeholder.com/420x362/594/fff/?text=ICON', '2022-07-01 18:23:22'),
(165, 46, 37.749070, -122, 'Vauwnuc nujveju jegroru izokaho awdudu ve ez vapovu gewlave bo dadewuz wov cifge imgasgen ziku.', 'https://via.placeholder.com/449x406/53B/fff/?text=PHOTO', 'https://via.placeholder.com/459x547/364/fff/?text=ICON', '2020-12-24 02:47:05'),
(166, 1, 37.757520, -122, 'Upep alzi ur gej maedeto zovfesma gejzic tomloflor hipmiv ab elunaszi sisobos tane poed iwo.', 'https://via.placeholder.com/472x558/A46/fff/?text=PHOTO', 'https://via.placeholder.com/428x462/9B9/fff/?text=ICON', '2020-12-29 05:37:28'),
(167, 23, 37.718670, -122, 'Tupgutcih gigu ko ojiehreh lenakis fe comodnuj cadnan papavam ajasepis sabe ossimo.', 'https://via.placeholder.com/409x541/448/fff/?text=PHOTO', 'https://via.placeholder.com/422x453/AA4/fff/?text=ICON', '2020-11-03 11:54:40'),
(168, 8, 37.779120, -122, 'Zisedpu defu jaejcu icoje cuezurin zigej nodo dagmijhan newap lepugaw ta zu ufuruoke kava.', 'https://via.placeholder.com/535x577/337/fff/?text=PHOTO', 'https://via.placeholder.com/490x559/535/fff/?text=ICON', '2022-05-04 04:38:35'),
(169, 12, 37.772820, -122, 'Va huhtu vak utiwetoj viag divoun razof wooneraj jaubiume ebwola tat eseufnah seorora ninoh jivbi eti.', 'https://via.placeholder.com/379x427/8BA/fff/?text=PHOTO', 'https://via.placeholder.com/437x404/A83/fff/?text=ICON', '2022-07-21 18:08:09'),
(170, 12, 37.756410, -122, 'Netiabe ba jowpeb eze dugusi gememahe desevuj ton ju rakeb ibiwen ah jabeife jov cakaig humud bune giwokoc.', 'https://via.placeholder.com/476x399/88A/fff/?text=PHOTO', 'https://via.placeholder.com/597x572/339/fff/?text=ICON', '2021-11-20 04:57:02'),
(171, 9, 37.762470, -122, 'Duwzipi lavsicwa ci no kipnaum jocgiv uhipo cojout ce fu kiuwa jeekna aniwun hewpiluw.', 'https://via.placeholder.com/598x509/875/fff/?text=PHOTO', 'https://via.placeholder.com/391x475/387/fff/?text=ICON', '2021-04-17 20:32:13'),
(172, 28, 37.720260, -122, 'Ki uzlutso waf kuz rev ejmu fic ukwob kaud noj reb vitpic begili tu er vamdib la.', 'https://via.placeholder.com/371x592/388/fff/?text=PHOTO', 'https://via.placeholder.com/553x411/B7B/fff/?text=ICON', '2022-08-03 10:14:37'),
(173, 28, 37.696110, -122, 'Pi rucohrac dakuroku wije fip umlipud ro fezozuh po ukajeka rap ascacgu ganvejo.', 'https://via.placeholder.com/394x536/973/fff/?text=PHOTO', 'https://via.placeholder.com/467x573/A75/fff/?text=ICON', '2021-03-10 15:22:31'),
(174, 44, 37.783140, -122, 'Butifa lovuj monidde sunah segeefa nu uru gajaz ziibucif lalob lom ci.', 'https://via.placeholder.com/512x398/9B8/fff/?text=PHOTO', 'https://via.placeholder.com/440x576/584/fff/?text=ICON', '2022-01-05 11:55:01'),
(175, 30, 37.678150, -122, 'Keh hapuvi ve fevmi emtocom vowco vet la iwe neb lipbeh vewmaz beru dupiuse jicmeh.', 'https://via.placeholder.com/429x565/A4A/fff/?text=PHOTO', 'https://via.placeholder.com/566x511/B93/fff/?text=ICON', '2022-05-13 08:25:35'),
(176, 21, 37.729600, -122, 'Jibloj dorgiz lob fe low win razu tufas sutof uzvo vegicez biga wi datucipi sijudo gak jom.', 'https://via.placeholder.com/442x427/6A3/fff/?text=PHOTO', 'https://via.placeholder.com/515x439/B64/fff/?text=ICON', '2021-08-24 21:59:58'),
(177, 21, 37.782320, -122, 'Wothuchab kami icvutof rop ilcug pojma ikovigi ahana hetguj goinhus tebjeizo im pap jeh refa.', 'https://via.placeholder.com/357x466/458/fff/?text=PHOTO', 'https://via.placeholder.com/513x492/4A6/fff/?text=ICON', '2021-06-24 11:00:55'),
(178, 41, 37.712040, -122, 'Mupca divar pime wec evewees gaavi eraftum simori gemluzegi ehiha gajec jodeg.', 'https://via.placeholder.com/437x481/A78/fff/?text=PHOTO', 'https://via.placeholder.com/394x498/B3A/fff/?text=ICON', '2021-07-14 08:17:36'),
(179, 20, 37.747600, -122, 'Hukze hocca burbuv nilzo gennocej jef epfa faas pa rijjurme delcuhwo etu nafi me giop.', 'https://via.placeholder.com/457x530/A85/fff/?text=PHOTO', 'https://via.placeholder.com/446x357/BB7/fff/?text=ICON', '2021-06-11 21:04:16'),
(180, 16, 37.782300, -122, 'Zo jowbaz bufe enefa miwma budefa opupegop asodego po hebdozi ozini hoeb ta wuho vurliswo.', 'https://via.placeholder.com/471x404/A34/fff/?text=PHOTO', 'https://via.placeholder.com/503x478/349/fff/?text=ICON', '2020-07-11 00:07:22'),
(181, 44, 37.698330, -122, 'Gujelefa rujzu ro seef kujake mur gadamdeh nuj go neisuhof jehwi du.', 'https://via.placeholder.com/560x510/55A/fff/?text=PHOTO', 'https://via.placeholder.com/416x476/69B/fff/?text=ICON', '2021-05-05 15:04:23'),
(182, 47, 37.691570, -122, 'Lut hunriaro leb boztop rilnad luhebu luwdevje nerfo bukluvcif bit di ubev soesadi kawsar ro cobmewpu.', 'https://via.placeholder.com/362x503/A58/fff/?text=PHOTO', 'https://via.placeholder.com/466x518/769/fff/?text=ICON', '2021-12-24 14:07:40'),
(183, 10, 37.773280, -122, 'Vufsovil ma do pamideva ipi kolu cavuwfo fileka kah enohovgom tucozoki mi anopa raahji ezrelbib ziobgup doulri pid.', 'https://via.placeholder.com/599x578/364/fff/?text=PHOTO', 'https://via.placeholder.com/453x591/5AB/fff/?text=ICON', '2020-12-24 02:30:32'),
(184, 20, 37.783070, -122, 'Tizsetvih jalgaweb cib mizihro welrec pi hifuivo wivel akub lel wuhhutpiz garitopu hoojow.', 'https://via.placeholder.com/434x392/A86/fff/?text=PHOTO', 'https://via.placeholder.com/562x422/A85/fff/?text=ICON', '2022-04-03 23:16:07'),
(185, 13, 37.672030, -122, 'Kosico gev rew rughel wo foluvud mewakma vuv sufcew bojo riwic ta zoijiros arpuze juksi mo.', 'https://via.placeholder.com/389x361/55B/fff/?text=PHOTO', 'https://via.placeholder.com/581x600/654/fff/?text=ICON', '2021-11-23 06:52:39'),
(186, 45, 37.778410, -122, 'Odivfe ugiba ucoteb cudi hiduf uk paub dovid fozjaw wavigez fipofov upe kufevu faohku lij.', 'https://via.placeholder.com/396x541/A68/fff/?text=PHOTO', 'https://via.placeholder.com/436x410/AB5/fff/?text=ICON', '2021-02-21 00:56:58'),
(187, 49, 37.699620, -122, 'Wo ulpejse wuvupa mi tubuvido cothig az vasconcas nusi luzom voop heecibu cob.', 'https://via.placeholder.com/529x478/886/fff/?text=PHOTO', 'https://via.placeholder.com/400x484/8BB/fff/?text=ICON', '2021-07-04 19:27:01'),
(188, 14, 37.754710, -122, 'Puj fehfozug casob mogihtu umivap ka nezse keebbu babcumni eg revvub hulub dabhido voitluz kisbakdo lisu esonafir.', 'https://via.placeholder.com/596x457/543/fff/?text=PHOTO', 'https://via.placeholder.com/410x469/ABA/fff/?text=ICON', '2021-04-29 21:08:42'),
(189, 33, 37.759950, -122, 'Ec zi co ni ajigu tiwu caeref ti ijeliguh zova uholo miomu jad rej bonombuw seob iwi tepe.', 'https://via.placeholder.com/454x472/6B6/fff/?text=PHOTO', 'https://via.placeholder.com/470x450/95B/fff/?text=ICON', '2022-06-24 12:57:34'),
(190, 30, 37.740830, -122, 'Johleida tivu cuuno econovez musizob owakohap og didobgoj pu suf ra idawekkeb ekrumco tin wa ponrom gim nivaj.', 'https://via.placeholder.com/532x494/877/fff/?text=PHOTO', 'https://via.placeholder.com/506x564/BB3/fff/?text=ICON', '2021-01-02 19:45:57'),
(191, 27, 37.752750, -122, 'Eb zor imu womdesib wodwikun halah hah efuireg guplah ako subi jezice uhaisjo.', 'https://via.placeholder.com/381x527/963/fff/?text=PHOTO', 'https://via.placeholder.com/520x587/B35/fff/?text=ICON', '2022-03-21 23:16:45');
INSERT INTO `track_202290_locations` (`id`, `animal_id`, `lat`, `lng`, `description`, `photo`, `icon`, `date_create`) VALUES
(192, 29, 37.719830, -122, 'Jipfo ruwpoza pum bu ifewalizi pe dorfo zafukem hohit siwuhik cimub jumwusop kocah suwehu.', 'https://via.placeholder.com/355x492/8BA/fff/?text=PHOTO', 'https://via.placeholder.com/483x494/588/fff/?text=ICON', '2021-07-21 18:57:28'),
(193, 46, 37.695310, -122, 'Ko ge fe kup opa buvodo zam pi lupkilbe jizo isaksur cancejah ufoapesef enesat huvim fiboba of lez.', 'https://via.placeholder.com/427x510/364/fff/?text=PHOTO', 'https://via.placeholder.com/482x384/696/fff/?text=ICON', '2022-07-23 11:19:08'),
(194, 42, 37.793530, -122, 'Jebfe dihozot edawuhcus ivudeuwu eheugusu vowhidaf cotukep vecefi efi hasjoeji ap mozbuzeh ged puz fuz.', 'https://via.placeholder.com/526x462/95A/fff/?text=PHOTO', 'https://via.placeholder.com/391x489/933/fff/?text=ICON', '2021-10-28 10:52:29'),
(195, 25, 37.768230, -122, 'Peadlo jobojepu rezoju salikwaf memubopo joob suf hidufa owude tuzmap mi tog cic iwije ves.', 'https://via.placeholder.com/363x434/34B/fff/?text=PHOTO', 'https://via.placeholder.com/569x542/A49/fff/?text=ICON', '2022-10-19 02:37:26'),
(196, 31, 37.708210, -122, 'Ve dufwu adete ru cuveon simmojga sif ikfid ibenekgoc zevtaczuf de udi win po.', 'https://via.placeholder.com/436x460/9BB/fff/?text=PHOTO', 'https://via.placeholder.com/544x443/569/fff/?text=ICON', '2022-02-07 18:04:49'),
(197, 1, 37.675900, -122, 'Le pijoro ibu hubdove fetofre sijabu oh edber zefhajo unma zeop sof hiwmaka vepzi hargogec mikop.', 'https://via.placeholder.com/490x468/53B/fff/?text=PHOTO', 'https://via.placeholder.com/371x502/5A5/fff/?text=ICON', '2020-06-27 16:37:36'),
(198, 10, 37.728100, -122, 'Uzamorej ono oktu ispi fu coto zu caz olzedjog dadajor lunnoj botkur oz teploreg jo irka fogses wa.', 'https://via.placeholder.com/407x478/695/fff/?text=PHOTO', 'https://via.placeholder.com/512x435/A38/fff/?text=ICON', '2022-02-11 12:44:53'),
(199, 19, 37.783830, -122, 'Eh rudvad ruzlu fishigzi tabzi dapu olapu fuk savfuna esuedacan gurpewu neh.', 'https://via.placeholder.com/536x571/753/fff/?text=PHOTO', 'https://via.placeholder.com/381x542/433/fff/?text=ICON', '2020-04-09 22:55:47'),
(200, 3, 37.688050, -122, 'Urbemre wejrosca wunura lodeffep vih lam keere ondij ep firna kemcohek ofjistib.', 'https://via.placeholder.com/463x511/7A6/fff/?text=PHOTO', 'https://via.placeholder.com/388x484/A93/fff/?text=ICON', '2020-11-24 07:38:39'),
(201, 29, 37.700160, -122, 'Avivoz lafecu ow av ezu uzijulgor at vutesa to vagwugoho uzawejadi vugiej ojcauk vuwu.', 'https://via.placeholder.com/359x379/B4B/fff/?text=PHOTO', 'https://via.placeholder.com/404x509/865/fff/?text=ICON', '2020-11-09 07:13:23'),
(202, 14, 37.786440, -122, 'Absepu juh top loh po gen siwvu azuugemi nunogdom abo mu pe ramahoc mo vijeubo cow iwute.', 'https://via.placeholder.com/585x470/B39/fff/?text=PHOTO', 'https://via.placeholder.com/469x425/B65/fff/?text=ICON', '2020-10-27 18:04:21'),
(203, 44, 37.775920, -122, 'Veri rah monadef okgefir pobi upujil vueh lo reb gednuce cowef ucopod honzoc gehew ipuk icipitot giodegu ujci.', 'https://via.placeholder.com/599x366/567/fff/?text=PHOTO', 'https://via.placeholder.com/403x503/3A4/fff/?text=ICON', '2022-08-20 14:05:20'),
(204, 12, 37.670930, -122, 'Uv uza ihja osa cawikuivu gamwesi pikbusot lacrihal tofaf mefuwki it zaftil ta iduje olso pahafip ifi daab.', 'https://via.placeholder.com/592x482/3A5/fff/?text=PHOTO', 'https://via.placeholder.com/591x420/6A8/fff/?text=ICON', '2020-09-24 09:32:10'),
(205, 28, 37.718980, -122, 'Poupfe zizel poh vusofe ti seguwoma rici gicop mo zil usfouc agiloav jo jebvaop jed kitatram.', 'https://via.placeholder.com/538x361/677/fff/?text=PHOTO', 'https://via.placeholder.com/444x415/B5A/fff/?text=ICON', '2021-10-17 18:39:49'),
(206, 16, 37.728960, -122, 'Hu ahejes hon isinmug puhe orpesder dem wek sulo hu fubcobe ucziho amif adila bosigsa.', 'https://via.placeholder.com/574x407/A38/fff/?text=PHOTO', 'https://via.placeholder.com/525x545/8A4/fff/?text=ICON', '2021-07-10 21:31:44'),
(207, 14, 37.677830, -122, 'Sut casasciw docazon befogwal ov dos foci kojesa kiv ega neuzwe kos cukir wejkiv tacalu vafog tij jez.', 'https://via.placeholder.com/402x582/663/fff/?text=PHOTO', 'https://via.placeholder.com/573x550/5A8/fff/?text=ICON', '2021-01-31 18:11:04'),
(208, 49, 37.674360, -122, 'Nehbe mogehmol doge kac ke wubzoip wipubaoc akemu cir madil pihhuwwar seopuiw fuvite.', 'https://via.placeholder.com/371x594/587/fff/?text=PHOTO', 'https://via.placeholder.com/486x427/89A/fff/?text=ICON', '2022-10-05 10:29:09'),
(209, 22, 37.722130, -122, 'Jah hedo lef ce habike evaambig vijar zibbiubi pajzu lovwa itmirfit daopoj.', 'https://via.placeholder.com/459x453/394/fff/?text=PHOTO', 'https://via.placeholder.com/457x597/664/fff/?text=ICON', '2020-04-07 01:17:18'),
(210, 13, 37.687880, -122, 'Tebun gelo mithud tahwu unkalon lu gu nametgu jiw huz lob rubnoika cez tuve wahnal vuseig subu ipebu.', 'https://via.placeholder.com/452x578/A87/fff/?text=PHOTO', 'https://via.placeholder.com/511x435/68B/fff/?text=ICON', '2020-09-01 11:06:01'),
(211, 34, 37.758300, -122, 'Lu foziza vi egupevad piifvi ejenoghi eflehiz loabo pefpus wi wa sati sukon.', 'https://via.placeholder.com/487x562/A94/fff/?text=PHOTO', 'https://via.placeholder.com/584x470/784/fff/?text=ICON', '2020-08-08 12:27:43'),
(212, 40, 37.724310, -122, 'Ot iwkiza iduag uca fib nujbonsev so lo inaac ekejkok fedi gulob wu zewenom.', 'https://via.placeholder.com/511x467/353/fff/?text=PHOTO', 'https://via.placeholder.com/545x548/344/fff/?text=ICON', '2020-11-11 20:09:14'),
(213, 13, 37.763870, -122, 'Ipatefov gupfa mohrubid iwimi jij bozohga ubijiv kuap hijili lebbat hekgegjaj ni oglofik kuh wesgu famtuwhoj.', 'https://via.placeholder.com/451x464/435/fff/?text=PHOTO', 'https://via.placeholder.com/585x358/B57/fff/?text=ICON', '2020-04-07 01:45:25'),
(214, 8, 37.709210, -122, 'Iz guadi calan birepi opca nicaw inlihiv nahgu wacuwan tuhujput jihaw ot doggu casofraj kugeavu.', 'https://via.placeholder.com/571x391/374/fff/?text=PHOTO', 'https://via.placeholder.com/548x511/489/fff/?text=ICON', '2020-05-15 12:02:13'),
(215, 32, 37.768000, -122, 'Bobewa kidcizog woghar fuwiwi ra atmated heso ruc jovikpan tuzbitow vazobomo me le.', 'https://via.placeholder.com/454x377/AA3/fff/?text=PHOTO', 'https://via.placeholder.com/428x421/77B/fff/?text=ICON', '2021-06-01 18:01:58'),
(216, 38, 37.675420, -122, 'Fovez ihuta zet wazigpa gatre esnu kes feelivuh ulemubudu veshusho ro kouwe.', 'https://via.placeholder.com/414x419/7B4/fff/?text=PHOTO', 'https://via.placeholder.com/420x581/B88/fff/?text=ICON', '2021-07-20 07:18:22'),
(217, 12, 37.747980, -122, 'Cu jakusfu dehtoed vup anug wosop ga vupbustil afkad husze wapuj esifemiv ef wubbigwo palganeg foghov.', 'https://via.placeholder.com/364x509/8BA/fff/?text=PHOTO', 'https://via.placeholder.com/453x373/345/fff/?text=ICON', '2020-02-02 05:53:39'),
(218, 21, 37.771610, -122, 'Rodauja kabazac ir fimec me gurir da lum huwtev bewe goril lozbo esla hiv cit na.', 'https://via.placeholder.com/406x543/865/fff/?text=PHOTO', 'https://via.placeholder.com/382x353/BB4/fff/?text=ICON', '2020-12-06 19:35:36'),
(219, 32, 37.693580, -122, 'Catgu ti vomim so gir wo bugmaho ce pum bactok fesirvah liltowwa.', 'https://via.placeholder.com/496x361/68A/fff/?text=PHOTO', 'https://via.placeholder.com/368x531/7B6/fff/?text=ICON', '2022-01-04 22:41:28'),
(220, 26, 37.691110, -122, 'Nanfooz bav aw nap bokiw jede mewvi wep mauzfi melgu vekeaj ugrepu licraweb.', 'https://via.placeholder.com/489x441/9B4/fff/?text=PHOTO', 'https://via.placeholder.com/394x450/653/fff/?text=ICON', '2021-05-10 19:21:42'),
(221, 16, 37.696820, -122, 'Jiciju be fe fowlusot ecrasu jenpohuli iva opi ope widpa tufjeico amupebser jokulbu.', 'https://via.placeholder.com/394x397/456/fff/?text=PHOTO', 'https://via.placeholder.com/513x502/A45/fff/?text=ICON', '2022-02-23 17:50:57'),
(222, 47, 37.767920, -122, 'Ba dunofo mohodeb aztateca cohakada bizev ref hic vokobkob kuhahe mife la ju siszu sep ogro age viz.', 'https://via.placeholder.com/592x376/B48/fff/?text=PHOTO', 'https://via.placeholder.com/465x357/743/fff/?text=ICON', '2020-02-23 19:56:55'),
(223, 16, 37.671710, -122, 'Ado umbucomu cohpazfat deade ed wafih izponeko du ig jeh pu sebabmi dij tejomod ka jajagu upvu hizru.', 'https://via.placeholder.com/438x430/498/fff/?text=PHOTO', 'https://via.placeholder.com/572x600/39B/fff/?text=ICON', '2020-10-23 16:52:14'),
(224, 38, 37.768000, -122, 'Lude gasvaw tuhhopu vulokih zodefi vebgelob inhecek waub moduflim ha toraco feegpub mahad pi ipu kelifah cir.', 'https://via.placeholder.com/429x463/34B/fff/?text=PHOTO', 'https://via.placeholder.com/560x507/73A/fff/?text=ICON', '2020-11-24 22:24:15'),
(225, 3, 37.712540, -122, 'Dojaari mewat ujelub tucpe kev poj wufip evoha adoim foganlit bov gubciwma pumizbe bululvun ko kij.', 'https://via.placeholder.com/491x547/388/fff/?text=PHOTO', 'https://via.placeholder.com/395x410/5BB/fff/?text=ICON', '2021-08-27 22:17:51'),
(226, 50, 37.710150, -122, 'Woclofi me uhoge tez po vuda niwro pofnejga pobiz agfuv tubogir batbo natuzu waeka.', 'https://via.placeholder.com/481x540/544/fff/?text=PHOTO', 'https://via.placeholder.com/452x384/394/fff/?text=ICON', '2021-10-07 16:42:07'),
(227, 20, 37.704700, -122, 'Kohopek omaval jaz jifanaw wi oftub guup bogeemu lef pov buruiz nanfeut tiputji ecomi juwmi hemiknaf.', 'https://via.placeholder.com/586x429/3B3/fff/?text=PHOTO', 'https://via.placeholder.com/476x463/459/fff/?text=ICON', '2022-08-20 01:42:55'),
(228, 23, 37.679180, -122, 'Ci bov hopnachuc daw ta ci ni tacescob ri pedmol tiilato amagahipu.', 'https://via.placeholder.com/600x392/378/fff/?text=PHOTO', 'https://via.placeholder.com/406x403/639/fff/?text=ICON', '2022-01-30 00:52:04'),
(229, 19, 37.686080, -122, 'Secwerloz ichiwvu hizub weslirput uj pa uztim cohuf ka eja ujobo guro now.', 'https://via.placeholder.com/565x500/357/fff/?text=PHOTO', 'https://via.placeholder.com/426x479/79B/fff/?text=ICON', '2020-11-04 07:56:47'),
(230, 46, 37.718350, -122, 'Petiepi jubve buci kuda sud za anbu firdanmup bu tan huduphob zovo ol battuwil.', 'https://via.placeholder.com/587x376/993/fff/?text=PHOTO', 'https://via.placeholder.com/421x486/646/fff/?text=ICON', '2020-01-17 10:22:19'),
(231, 39, 37.718990, -122, 'Bebfo pezaf maujihok zam hikev kihur vinnew nagwipru le kumjuwas atrugal jihorcuc.', 'https://via.placeholder.com/492x549/B95/fff/?text=PHOTO', 'https://via.placeholder.com/526x549/46A/fff/?text=ICON', '2020-02-17 03:37:11'),
(232, 38, 37.746960, -122, 'Ipole tuecadi gatle tepavcag nekeg kolbe ve gidibfah limesi cipir iw afiara mu bobivfoz muhto piibo realti nurku.', 'https://via.placeholder.com/592x563/5B3/fff/?text=PHOTO', 'https://via.placeholder.com/532x400/458/fff/?text=ICON', '2020-09-27 15:38:33'),
(233, 39, 37.773770, -122, 'Doriwog amiingo sumsamla jeta vonlaepa javfe gurkuvmuz ziwo hokudnar casara upesasah mudu igo.', 'https://via.placeholder.com/481x446/68B/fff/?text=PHOTO', 'https://via.placeholder.com/446x465/7BB/fff/?text=ICON', '2020-04-05 22:11:44'),
(234, 25, 37.796810, -122, 'Ehhipu reziwume id koilvok amdosno nikira fomes sov duh lofkoh nuv ze oc vefodif.', 'https://via.placeholder.com/408x360/387/fff/?text=PHOTO', 'https://via.placeholder.com/473x511/886/fff/?text=ICON', '2021-01-09 03:27:41'),
(235, 40, 37.697270, -122, 'Ze vappubo difpeg muce repgije hesba muvmofata cozku aciowu umefo nevkapib ojbejfoc.', 'https://via.placeholder.com/579x466/B37/fff/?text=PHOTO', 'https://via.placeholder.com/485x471/AAA/fff/?text=ICON', '2021-10-11 08:42:10'),
(236, 4, 37.738210, -122, 'Bebegmoz apotemi zowete otaceifo ove ru aze badu hekbet elaedoco aga onaju zajtifho hipecego ca.', 'https://via.placeholder.com/417x468/876/fff/?text=PHOTO', 'https://via.placeholder.com/362x528/449/fff/?text=ICON', '2022-04-29 12:06:30'),
(237, 18, 37.716910, -122, 'Vo ufomi di wimub mivus ewuhez ro umesu buc ke tahanadat hiroen nemosva tuwrupofi.', 'https://via.placeholder.com/418x352/85A/fff/?text=PHOTO', 'https://via.placeholder.com/402x583/684/fff/?text=ICON', '2022-02-19 05:11:24'),
(238, 24, 37.740990, -122, 'Bakakija luj aku adeahodap rugve adive rogowcen uvoomo umfidol pecamo dupembi lokuamo wavob nunelouti gouvhuz.', 'https://via.placeholder.com/453x519/888/fff/?text=PHOTO', 'https://via.placeholder.com/492x596/777/fff/?text=ICON', '2021-03-14 06:12:19'),
(239, 36, 37.738240, -122, 'Kewufi jaduz ono ovasi lapbektuf uv jibi rirtarcep bow ukijo lonoav sercot unsab cesazha gizozve zukzuwe vucic.', 'https://via.placeholder.com/441x591/74B/fff/?text=PHOTO', 'https://via.placeholder.com/419x392/659/fff/?text=ICON', '2020-09-13 03:04:08'),
(240, 34, 37.693860, -122, 'Fevav fud peh apnotu toj ca guc pujilvu go sa kilefzun ewepa egizedne.', 'https://via.placeholder.com/375x413/BA4/fff/?text=PHOTO', 'https://via.placeholder.com/590x508/A97/fff/?text=ICON', '2022-08-06 01:18:11'),
(241, 33, 37.695730, -122, 'Ekupa arbigile bumwuni wunu afeejto tawuwpe uca jiwfuv cumhuta uw jolaguna vose jivafo.', 'https://via.placeholder.com/456x521/358/fff/?text=PHOTO', 'https://via.placeholder.com/560x530/7AB/fff/?text=ICON', '2022-09-15 02:11:40'),
(242, 16, 37.784580, -122, 'Kavgufis zod wavbumte ciem dakadduz tu voj vofil ebuco hekpo civod petojgu gephat ofzudpin anigeov wocec pu do.', 'https://via.placeholder.com/457x467/95A/fff/?text=PHOTO', 'https://via.placeholder.com/561x457/63B/fff/?text=ICON', '2021-05-02 08:23:51'),
(243, 22, 37.727790, -122, 'Amicizu is banje sanbavzuc neake if hipunori ude to ki nik watpen gir widkibe podmauje lomsora how.', 'https://via.placeholder.com/407x412/747/fff/?text=PHOTO', 'https://via.placeholder.com/418x454/669/fff/?text=ICON', '2021-10-11 00:54:38'),
(244, 31, 37.672750, -122, 'Waza jo az uc peuzkog kezpope abo seftede rarev veriz fabpus fopop mof ipdihih.', 'https://via.placeholder.com/597x431/5A4/fff/?text=PHOTO', 'https://via.placeholder.com/454x426/9BA/fff/?text=ICON', '2022-07-13 21:52:33'),
(245, 35, 37.782320, -122, 'Mupjorul gigbo denow kuvbiuce ibve puizwev ba catgauh eci zefnavhub soh zetru kupna fimow otnila vecisa cemem.', 'https://via.placeholder.com/446x555/3B3/fff/?text=PHOTO', 'https://via.placeholder.com/462x439/55A/fff/?text=ICON', '2022-10-20 09:07:50'),
(246, 21, 37.718290, -122, 'Foprec tawcotte feezme jetuvfi pes jov zu alaj wuahho vooj tibes desilebo pedir ikofe hutwi pi.', 'https://via.placeholder.com/380x502/975/fff/?text=PHOTO', 'https://via.placeholder.com/380x535/B56/fff/?text=ICON', '2022-10-27 10:44:33'),
(247, 31, 37.685790, -122, 'Vamodli jah jaulra nampa ibo bagmu guselo rezru ve paddeblaz peziri pan.', 'https://via.placeholder.com/551x375/884/fff/?text=PHOTO', 'https://via.placeholder.com/394x376/6B3/fff/?text=ICON', '2020-11-01 15:05:28'),
(248, 16, 37.679100, -122, 'Ma pijocje ihwokgo ri gi iw telojsim cihaguw ce mopecvuh vizvov oronugbi atvu se.', 'https://via.placeholder.com/566x504/343/fff/?text=PHOTO', 'https://via.placeholder.com/573x466/48B/fff/?text=ICON', '2020-10-27 20:51:48'),
(249, 11, 37.713740, -122, 'Nata jigjuole lezu sowoses izu odaira zo fab kaaz arna ife opuunugu gu ropatib agivad va.', 'https://via.placeholder.com/522x390/97A/fff/?text=PHOTO', 'https://via.placeholder.com/519x496/69A/fff/?text=ICON', '2021-03-25 04:49:10'),
(250, 48, 37.741030, -122, 'Teppuw maazaso ruzupmuv cofog fufeji muenosow cuv ituke gopiove kaf ibatepa guhic dar ka kepivi gibo.', 'https://via.placeholder.com/437x598/348/fff/?text=PHOTO', 'https://via.placeholder.com/415x445/887/fff/?text=ICON', '2022-06-02 11:59:10');

-- --------------------------------------------------------

--
-- Table structure for table `track_202290_users`
--

CREATE TABLE `track_202290_users` (
  `id` int(13) NOT NULL,
  `name` varchar(64) NOT NULL,
  `username` varchar(64) NOT NULL,
  `email` varchar(128) NOT NULL,
  `password` varchar(32) NOT NULL,
  `img` varchar(256) NOT NULL,
  `date_create` datetime NOT NULL
) ENGINE=InnoDB DEFAULT CHARSET=latin1;

--
-- Dumping data for table `track_202290_users`
--

INSERT INTO `track_202290_users` (`id`, `name`, `username`, `email`, `password`, `img`, `date_create`) VALUES
(1, 'Stella Bush', 'user1', 'user1@gmail.com', '1a1dc91c907325c69271ddf0c944bc72', 'https://via.placeholder.com/563x545/BA4/fff/?text=Stella Bush', '2022-10-19 21:13:57'),
(2, 'Johanna Fletcher', 'user2', 'user2@gmail.com', '1a1dc91c907325c69271ddf0c944bc72', 'https://via.placeholder.com/395x589/3B4/fff/?text=Johanna Fletcher', '2021-03-20 12:28:39'),
(3, 'Sara Roberson', 'user3', 'user3@gmail.com', '1a1dc91c907325c69271ddf0c944bc72', 'https://via.placeholder.com/556x520/8AA/fff/?text=Sara Roberson', '2021-12-07 01:07:10'),
(4, 'Myrtle Hines', 'user4', 'user4@gmail.com', '1a1dc91c907325c69271ddf0c944bc72', 'https://via.placeholder.com/495x393/7A3/fff/?text=Myrtle Hines', '2020-02-07 07:30:56'),
(5, 'Mario Smith', 'user5', 'user5@gmail.com', '1a1dc91c907325c69271ddf0c944bc72', 'https://via.placeholder.com/378x593/37B/fff/?text=Mario Smith', '2022-05-26 22:58:13'),
(6, 'Larry Cruz', 'user6', 'user6@gmail.com', '1a1dc91c907325c69271ddf0c944bc72', 'https://via.placeholder.com/405x439/966/fff/?text=Larry Cruz', '2022-01-28 15:10:34'),
(7, 'Walter Holmes', 'user7', 'user7@gmail.com', '1a1dc91c907325c69271ddf0c944bc72', 'https://via.placeholder.com/422x399/55A/fff/?text=Walter Holmes', '2021-06-26 08:09:33'),
(8, 'Henry Simon', 'user8', 'user8@gmail.com', '1a1dc91c907325c69271ddf0c944bc72', 'https://via.placeholder.com/472x446/975/fff/?text=Henry Simon', '2020-11-11 22:20:54'),
(9, 'Bruce Pope', 'user9', 'user9@gmail.com', '1a1dc91c907325c69271ddf0c944bc72', 'https://via.placeholder.com/546x550/36A/fff/?text=Bruce Pope', '2021-04-06 04:07:20'),
(10, 'Seth Barnett', 'user10', 'user10@gmail.com', '1a1dc91c907325c69271ddf0c944bc72', 'https://via.placeholder.com/383x415/55A/fff/?text=Seth Barnett', '2020-05-19 10:09:28');

--
-- Indexes for dumped tables
--

--
-- Indexes for table `track_202290_animals`
--
ALTER TABLE `track_202290_animals`
  ADD PRIMARY KEY (`id`);

--
-- Indexes for table `track_202290_locations`
--
ALTER TABLE `track_202290_locations`
  ADD PRIMARY KEY (`id`);

--
-- Indexes for table `track_202290_users`
--
ALTER TABLE `track_202290_users`
  ADD PRIMARY KEY (`id`);

--
-- AUTO_INCREMENT for dumped tables
--

--
-- AUTO_INCREMENT for table `track_202290_animals`
--
ALTER TABLE `track_202290_animals`
  MODIFY `id` int(13) NOT NULL AUTO_INCREMENT, AUTO_INCREMENT=51;

--
-- AUTO_INCREMENT for table `track_202290_locations`
--
ALTER TABLE `track_202290_locations`
  MODIFY `id` int(13) NOT NULL AUTO_INCREMENT, AUTO_INCREMENT=251;

--
-- AUTO_INCREMENT for table `track_202290_users`
--
ALTER TABLE `track_202290_users`
  MODIFY `id` int(13) NOT NULL AUTO_INCREMENT, AUTO_INCREMENT=11;
COMMIT;

/*!40101 SET CHARACTER_SET_CLIENT=@OLD_CHARACTER_SET_CLIENT */;
/*!40101 SET CHARACTER_SET_RESULTS=@OLD_CHARACTER_SET_RESULTS */;
/*!40101 SET COLLATION_CONNECTION=@OLD_COLLATION_CONNECTION */;
